company,name,model
LG,LG 18.5 INCH LED GAMING MONITOR (19M38AB),19M38AB
LG,"LG 19M38HB - 19 Inch Monitor (5ms Response Time, HD TN Panel, HDMI, D-sub)",19M38HB
LG,"LG 20M39H - 20 Inch Monitor (5ms Response Time, HD TN Panel, HDMI, D-sub)",20M39H
LG,"LG 22MK600M - 22 Inch Gaming Monitor (AMD FreeSync, 5ms Response Time, Frameless, FHD IPS Panel, HDMI, D-Sub)",22MK600M
LG,"LG 22MP68VQ-P - 22 Inch Gaming Monitor (AMD FreeSync, 5ms Response Time, FHD IPS Panel, DVI, HDMI,  D-sub)",22MP68VQ
LG,LG 24inch 24BK750Y-B Full HD IPS Monitor Workstation Monitor,24BK750Y-B
LG,"LG UltraGear 24GL600F-B - 24 Inch Gaming Monitor (AMD FreeSync, 1ms Responce Time, 144Hz Refresh Rate, FHD TN Panel, HDMI, Displayport)",24GL600F-B
LG,LG 24 inch Black FreeSync Gaming Monitor 24GM79G-B,24GM79G-B
LG,"LG 24MK430H-B - 24 Inch Gaming Monitor (AMD FreeSync, 5ms Response Time, FHD IPS Panel, HDMI, D-Sub)",24MK430H-B
LG,"LG 24MK600M-W - 24 Inch Gaming Monitor (AMD FreeSync, 5ms Response Time, Frameless, FHD IPS Panel, HDMI, D-sub)",24MK600M
LG,"LG 24MP59G - 24 Inch 99% sRGB Gaming Monitor (AMD FreeSync, 1ms Response Time, FHD IPS Panel, HDMI, D-sub, Display Port)",24MP59G
LG,"LG 24 inch Gaming Monitor - 1ms, 75Hz,Full HD, IPS Panel with VGA, HDMI, Display Port, Heaphone Ports - 24MP59G (Black)",24MP59G
LG,LG 24 Virtually Borderless IPS Monitor 24MP88HV,24MP88HV
LG,"LG 24MP88HV-S - 24 Inch 99% sRGB Monitor (Frameless, FHD IPS Panel, HDMI, D-sub, Speakers)",24MP88HV
LG,"LG 24UD58 - 24 Inch Gaming Monitor (AMD FreeSync, 5ms Response Time, 4K UHD IPS Panel, HDMI, DisplayPort)",24UD58
LG,LG 24UD58-B New-4K Monitor,24UD58-B
LG,"LG 25UM58 - 25 Inch 99% sRGB Gaming Monitor (5ms Response Time, Frameless, UW-FHD IPS Panel, HDMI)",25UM58
LG,"LG UltraGear 27GL650F-B - 27 Inch 99% sRGB Gaming Monitor (Adaptive-Sync, 1ms Responce Time, 144Hz Refresh Rate, FHD IPS Panel, HDMI, Displayport)",27GL650F-B
LG,LG 27GL850 27 INCH ULTRAGEAR NANO IPS 1ms GAMING MONITOR,27GL850
LG,"LG 27MK600M-W - 27 Inch Gaming Monitor (AMD FreeSync, 5ms Response Time, Frameless, FHD IPS Panel, HDMI)",27MK600M
LG,LG 27UK650-W 27 inch 16:9 4K HDR FreeSync IPS Monitor,27UK650
LG,LG 27 16:9 4K HDR FreeSync IPS Monitor 27UK850-W,27UK850
LG,LG 29UB67 29 inch UltraWide Full HD Business Monitor,29UB67
LG,"LG 29UB67-B - 29 INCH 99% sRGB Monitor (5ms Response Time, WFHD IPS Panel, HDMI, DVI-D, Display Port, Speakers)",29UB67-B
LG,"LG 32MN58HM-P - 32 Inch Monitor (8ms Response Time, FHD IPS Panel, HDMI, D-sub, Speakers)",32MN58HM
LG,LG 32 16:9 4K UHD FreeSync LCD Monitor 32UD59-B,32UD59-B
LG,LG 34UC98-W 34 inch Curved FreeSync IPS Monitor,34UC98
LG,LG 22MN430M-B - 22 Inch Gaming Monitor (AMD ,22MN430M-B
LG,LG 27 Inch UltraFine 5K IPS Monitor with macOS Compatibility 27MD5KL-B,27MD5KL-B
LG,LG 27GN950-B 27 Inch UHD IPS Gaming Monitor,27GN950-B
LG,LG 27UL850-W 27 16:9 4K FreeSync IPS Gaming Monitor,27UL850
LG,LG 32 16:9 QHD LCD Gaming Monitor 32GK650F-B,32GK650F-B
HP,"HP 24y - 24 Inch Monitor (8ms Response Time, FHD IPS Panel, DVI-D, HDMI, VGA)",24y
HP,"HP 27Y - 27 Inch Monitor (5ms Response Time, FHD IPS Panel, DVI-D, HDMI, VGA)",27Y
HP,"HP 22YH - 22 Inch Monitor (5ms Respose Time, FHD TN Panel, HDMI, VGA)",22YH
HP,"HP 22F - 22 Inch Gaming Monitor (AMD FreeSync, 5Ms Response Time, Frameless, FHD IPS Panel, HDMI, VGA)",22F
HP,"HP 24F - 24 Inch Gaming Monitor (AMD FreeSync, 5Ms Response Time, Frameless, FHD IPS Panel, HDMI, VGA)",24F
HP,"HP 27F - 27 Inch Gaming Monitor (AMD FreeSync, 5ms Response Time, Frameless, FHD IPS Panel, HDMI, VGA)",27F
HP,"HP 20KH - 20 Inch Monitor (5ms Response Time, HD+ TN Panel, HDMI, VGA)",20KH
HP,"HP 24fw - 24 Inch Gaming Monitor (AMD FreeSync, 7ms Response Time, Frameless, FHD IPS Panel, HDMI, VGA, Speakers)",24fw
HP,"HP 27fw - 27 Inch Gaming Monitor (AMD FreeSync, 5ms Response Time, Frameless, FHD IPS Panel, HDMI, VGA, Speakers)",27fw
HP,"HP 19KA - 19 Inch Monitor (5ms Response Time, HD TN Panel, VGA)",19KA
HP,"HP V19e - 19 Inch Monitor (5ms Response Time, HD TN Panel, HDMI, VGA)",V19e
HP,"HP 27F 4K - 27 Inch Gaming Monitor (AMD FreeSync, 5ms Response Time, Frameless, 4K UHD IPS Panel, HDMI, DisplayPort)",27F
HP,"HP 22FW - 22 Inch Gaming Monitor (5ms Response Time, Frameless, FHD IPS Panel, HDMI, VGA)",22FW
HP,"HP 24M - 24 Inch Gaming Monitor (14ms Response Time, Frameless, FHD IPS Panel, HDMI, VGA)",24M
Samsung,SAMSUNG 23.6 INCH CURVED WITH 1800R FUll HD LED GAMING MONITOR (LC24F390FHWXXL),LC24F390FHWXXL
Samsung,"Samsung LC24F392FHWXXL - 24 Inch Curved Gaming Monitor (1800R Curved, AMD FreeSync, 4ms Response Time, FHD VA Panel, HDMI, D-sub)",LC24F392FHWXXL
Samsung,SAMSUNG LC24FG73FQWXXL 23.5 INCH CURVED WITH 1800R FUll HD LED MONITOR,LC24FG73FQWXXL
Samsung,SAMSUNG LC24RG50FQUWXXL 23.5 INCH CURVED WITH 1800R FUll HD LED MONITOR,LC24RG50FQUWXXL
Samsung,"Samsung LC24RG50FQWXXL 24 Inch Curved Gaming Monitor (1800R Curved, AMD FreeSync, 4ms Response Time, 144Hz Refresh Rate, FHD VA Panel, DisplayPort, HDMI)",LC24RG50FQWXXL
Samsung,SAMSUNG LC27F390FHWXXL 27 CURVED WITH 1800R FUll HD LED GAMING MONITOR,LC27F390FHWXXL
Samsung,SAMSUNG LC27FG73FQWXXL 27 INCH CURVED WITH 1800R FUll HD LED MONITOR,LC27FG73FQWXXL
Samsung,"Samsung Odyssey G5 LC27G55TQWWXXL - 27 Inch Curved Gaming Monitor (1000R Curved, AMD FreeSync, 1ms Response Time, 144Hz Refresh Rate, Flicker Free, WQHD VA Panel, HDMI, Display Port)",LC27G55TQWWXXL
Samsung,"Samsung LC27JG54QQWXXL - 27 Inch Curved Gaming Monitor (1800R Curved, AMD FreeSync, 4ms Response Time, 144Hz Refresh Rate, WQHD VA Panel, HDMI, Display Port)",LC27JG54QQWXXL
Samsung,"Samsung LC27RG50FQWXXL - 27 Inch Curved Gaming Monitor (1500R Curved, Nvidia G-Sync, 4ms Response Time, 240Hz Refresh Rate, FHD VA Panel, HDMI, Display Port)",LC27RG50FQWXXL
Samsung,Samsung LC27T550 27 FHD Curved Monitor,LC27T550
Samsung,"Samsung LC27T550FDWXXL - 27 Inch Curved Gaming Monitor (1000R Curved, AMD FreeSync, 4ms Response Time, Flicker Free, FHD VA Panel, HDMI, Display Port, Speakers)",LC27T550FDWXXL
Samsung,"Samsung LC32F39MFUWXXL - 32 Inch Curved Monitor (1800R Curved, 4ms Response Time, FHD UHD VA Panel, HDMI, Speaker)",LC32F39MFUWXXL
Samsung,Samsung 49inch Curved Gaming Monitor LC49RG90SSWXXL,LC49RG90SSWXXL
Samsung,"Samsung LF22T350FHWXXL - 22 Inch Gaming Monitor (AMD FreeSync, 5ms Response Time, FHD IPS Panel, HDMI)",LF22T350FHWXXL
Samsung,"Samsung LF24T352FHWXXL - 24 Inch Gaming Monitor (AMD FreeSync, 5ms Response Time, Frameless, FHD IPS Panel, HDMI)",LF24T352FHWXXL
Samsung,"Samsung LS22F350FHWXXL 22 Inch 99% sRGB Gaming Monitor (AMD FreeSync, 5ms Response Time, 60Hz Refresh Rate, FHD TN Panel, HDMI, D-Sub)",LS22F350FHWXXL
Samsung,"Samsung LS22R350FHWXXL - 22 Inch Gaming Monitor (AMD FreeSync, 5ms Response Time, Frameless, FHD IPS Panel, HDMI, D-Sub)",LS22R350FHWXXL
Samsung,SAMSUNG LS24D300HS/XL 24 INCH LED GAMING MONITOR,LS24D300HS
Samsung,"Samsung LS24R350FHWXXL - 24 Inch Gaming Monitor (AMD FreeSync, 5ms Response Time, FHD IPS Panel, HDMI, D-Sub)",LS24R350FHWXXL
Samsung,SAMSUNG 23.5 INCH LED WITH AH IPS GAMING MONITOR (LS27F350FHWXXL),LS27F350FHWXXL
Samsung,SAMSUNG LU28E590DS/XL 28 INCH UHD LED GAMING MONITOR,LU28E590DS
Samsung,"Samsung LU32J590UQWXXL - 32 Inch Business Monitor (Amd Freesync, 4ms Response Time, 4K UHD VA Panel, DisplayPort, HDMI)",LU32J590UQWXXL
Samsung,"Samsung LS24F350FHWXXL - 24 Inch Gaming Monitor ( Amd Freesync, 4ms Response Time, FHD AH IPS Panel, D-Sub, HDMI)",LS24F350FHWXXL
Samsung,SAMSUNG 27 INCH CURVED FULL HD 1800R LED MONITOR,LC27F591FDWXXL
Acer,"Acer CB271HK - 27 Inch 100% sRGB Gaming Monitor (4ms Response Time, 4K UHD IPS Panel, HDMI, DVI, DisplayPort)",CB271HK
Acer,"Acer EB321HQ - 32 Inch Monitor (4ms Response Time, FHD IPS Panel, HDMI, VGA)",EB321HQ
Acer,"Acer ED322Q 32 Inch Curved Gaming Monitor (4ms Response Time, Frameless, FHD VA Panel, DVI, HDMI, VGA, Speaker)",ED322Q
Acer,"Acer ET221Q - 22 Inch Monitor (4ms Response Time, Frameless, FHD IPS Panel, VGA)",ET221Q
Acer,"Acer ET271 - 27 Inch Monitor (4ms Response Time, Frameless, FHD PLS Panel, HDMI, VGA, Speakers)",ET271
Acer,"Acer ET322QK 32 Inch Gaming Monitor (AMD FreeSync, 4ms Response Time, Frameless, 4K UHD VA Panel, HDMI, DisplayPort, Speakers)",ET322QK
Acer,"Acer GN246HL 24 Inch 3D Gaming Monitor (1ms Response Time, 144Hz Refresh Rate, FHD TN Panel, DVI, HDMI, VGA)",GN246HL
Acer,"Acer K222HQL - 22 Inch Monitor (5ms Response Time, FHD TN Panel, VGA, Speaker)",K222HQL
Acer,"ACER KA220HQ 22 Inch Monitor (5ms Response Time, FHD TN Panel, DVI, VGA)",KA220HQ
Acer,"Acer KA240H 24 Inch Monitor (5ms Response Time, FHD TN Panel, HDMI, D-sub)",KA240H
Acer,"Acer KG271 - 27 Inch Gaming Monitor (AMD FreeSync, 1ms Response Time, 240Hz Refresh Rate, Frameless, FHD TN Panel, HDMI, DisplayPort, Speakers)",KG271
Acer,"Acer KG271C - 27 Inch Gaming Monitor (AMD FreeSync, 1ms Response Time, 144Hz Refresh Rate, Frameless, FHD TN Panel, HDMI, DVI, DisplayPort, Speakers)",KG271C
Acer,"ACER KG281K “ 28 Inch Gaming Monitor (Amd Freesync, 1ms Response Time, 4K UHD TN Panel, HDMI, Speakers)",KG281K
Acer,"Acer Nitro QG221Q 22 Inch Gaming Monitor (AMD FreeSync, 1ms Response Time, Frameless, FHD VA Panel, HDMI, VGA)",Nitro QG221Q
Acer,"Acer S271HL H - 27 Inch Monitor (1ms Response Time, FHD TN Panel, HDMI, VGA)",S271HL
Acer,Acer NITRO VG0 VG270 27 Inch,NITRO VG0
Acer,Acer KG1 27 inch 144 Hz Gaming Monitor KG271C UM.HX1SI.C01,KG1
Acer,"Acer ED242QR 24 Inch Curved Gaming Monitor (1800R Curved, AMD FreeSync, 4ms Response Time, Frameless, FHD VA Panel, HDMI, VGA)",ED242QR
Acer,Acer Nitro VG240P 144Hz Full HD IPS Gaming Monitor,Nitro VG240P
Acer,"Acer VG240Y - 24 Inch Gaming Monitor (AMD FreeSync, 1ms Response Time, Frameless, FHD IPS Panel, HDMI, VGA, Speakers)",VG240Y
Acer,Acer Nitro VG270P IPS 27 inch 144Hz Free Sync Gaming Monitor,Nitro VG270P
Acer,Acer VG271U 27 Inch 100% sRGB Gaming Monitor (AMD FreeSync/1ms Response Time/144Hz Refresh Rate/2K WQHD IPS Panel),VG271U
Acer,"Acer KG271 - 27 Inch Gaming Monitor (AMD FreeSync, 1ms Response Time, Frameless, FHD TN Panel, HDMI, VGA, Speakers)",KG271
Acer,"Acer ED273UR P - 27 Inch Curved Gaming Monitor (1800R Curved, AMD FreeSync, 4ms Response Time, 144Hz Refresh Rate, Frameless, Flicker Free, WQHD VA Panel, DVI, HDMI, DisplayPort)",ED273UR
Acer,"Acer EK240Y - 24 Inch Monitor (5ms Response Time, FHD IPS Panel, HDMI, VGA)",EK240Y
Acer,"Acer RT240Y - 24 Inch Monitor (4ms Response Time, Frameless, FHD IPS Panel, DVI, HDMI, D-sub, Speakers)",RT240Y
Acer,"Acer SA240Y - 24 Inch Monitor (4ms Response Time, Frameless, FHD IPS Panel, HDMI, VGA)",SA240Y
Acer,"Acer ED273 - 27 Inch Curved Gaming Monitor (4ms Response Time, Frameless, FHD VA Panel, DVI, HDMI, VGA, Speakers)",ED273
Acer,"Acer Nitro QG271 - 27 Inch Gaming Monitor (AMD FreeSync, 1ms Response Time, Frameless, FHD VA Panel, HDMI, VGA)",Nitro QG271
Acer,ACER NITRO VG240YS 165HZ IPS GAMING MONITOR,NITRO VG240YS
Acer,"Acer B247Y Dbmiprczx - 24 Inch Gaming Monitor (Adaptive-Sync, 4ms Response Time, 75Hz Refresh Rate, Frameless, FHD IPS Panel, HDMI, VGA, DisplayPort, Speakers)",B247Y
Acer,"Acer Nitro XV270 Pbmiiprx - 27 Inch Gaming Monitor (AMD FreeSync, 2ms Response Time, 144Hz Refresh Rate, Frameless, FHD IPS Panel, DisplayPort, Speakers)",Nitro XV270
Dell,"Dell D1918H - 19 Inch Monitor (5ms Responce Time, HD TN Panel, HDMI, VGA)", D1918H 
Dell,Dell E1715S 17 LED Backlit 5:4 LCD Monitor, E1715S 
Dell,DELL E2016HV 20 INCH LCD GAMING MONITOR, E2016HV 
Dell,"Dell E2216HV - 22 Inch Monitor (5ms Response Time, FHD TN Panel, VGA)", E2216HV 
Dell,"Dell E2218HN - 22 Inch Monitor (5ms Response Time, FHD TN Panel, HDMI, VGA)", E2218HN 
Dell,Dell E2218HN 22 Inch 5ms Response Time FHD TN Panel Monitor, E2218HN 
Dell,"Dell E2219HN - 22 Inch Monitor (14ms Response Time, FHD IPS Panel, HDMI, VGA)", E2219HN 
Dell,Dell P2419HC 23.8 16:9 Ultrathin Bezel IPS Monitor, P2419HC 
Dell,"Dell SE2219HX - 22 Inch Monitor (8ms Response Time, Frameless, FHD IPS Panel, HDMI, VGA)", SE2219HX 
Dell,Dell SE2419H 24 inch FHD IPS Monitor For Work And Entertainment, SE2419H 
Dell,"Dell SE2719H - 27 Inch Monitor (5ms Response Time, Frameless, FHD IPS Panel, HDMI, VGA)", SE2719H 
Dell,Dell U2415 Black 24.1 inch 6ms (GTG) Dual HDMI Widescreen LCD Monitor, U2415 
Dell,"DELL U2419H 24 INCH 99% SRGB MONITOR (5MS RESPONSE TIME, FRAMELESS, FHD IPS PANEL, HDMI, DISPLAYPORT)", U2419H 
Dell,Dell UltraSharp U2412M 24 Inch Screen LED Monitor, U2412M 
Benq,"BenQ BL2420PT - 24 Inch 100% sRGB Designer Monitor (5ms Response Time, 2K QHD IPS Panel, D-sub, DVI, HDMI, DisplayPort, Speakers)", BL2420PT
Benq,"BenQ EL2870U - 28 Inch Gaming Monitor (AMD FreeSync, HDR, 1ms Response Time, 4K UHD TN Panel, HDMI, DisplayPort, Speakers)", EL2870U
Benq,"BenQ EW2480 - 24 Inch Gaming Monitor (AMD FreeSync, HDRi, 5ms Response Time, FHD IPS Panel, Frameless, HDMI, Speakers)", EW2480
Benq,"BenQ EW2780 - 27 Inch Video Enjoyment Monitor (HDRi, 5ms Response Time, Frameless, FHD IPS Panel, HDMI, Speakers)", EW2780
Benq,"BenQ EW2780Q - 27 Inch Video Enjoyment Monitor (HDRi, 5ms Response Time, Frameless, 2K QHD IPS Panel, HDMI, Speakers)", EW2780Q
Benq,"BenQ EW3270U - 32 Inch Video Enjoyment Monitor (AMD FreeSync, HDR, 4ms Response Time, Frameless, 4K UHD VA Panel, HDMI, DisplayPort, Speakers)", EW3270U
Benq,"BenQ EW3280U - 32 Inch Gaming Monitor (AMD FreeSync, 5ms Responce Time, HDRi, Frameless, 4K IPS Panel, HDMI, DisplayPort, Speakers)", EW3280U
Benq,"BenQ MOBIUZ EX2510 - 25 Inch Gaming Monitor (AMD FreeSync, 144Hz Refresh Rate,1ms Response Time, Frameless, FHD IPS Panel, Flicker Free, HDMI, DisplayPort, Speakers)", EX2510
Benq,"BenQ EX2780Q - 27 Inch Gaming Monitor (AMD FreeSync, HDRi, 5ms Response Time, 144Hz Refresh Rate, Frameless, 2K QHD IPS Panel, HDMI, DisplayPort, USB Type-C, Speakers)", EX2780Q
Benq,BENQ GW2283 22 Inch FHD Frameless Monitor GW2283, GW2283
Benq,"BenQ GW2480 - 24 Inch Stylish Monitor (5ms Response Time, FHD IPS Panel, D-sub, HDMI, DisplayPort, Speakers)", GW2480
Benq,"BenQ GW2480T - 24 Inch Stylish Monitor (5ms Response Time, FHD IPS Panel, D-sub, HDMI, DisplayPort, Speakers)", GW2480T
Benq,"BenQ GW2780 - 27 Inch Stylish Monitor (5ms Response Time, Frameless, FHD IPS Panel, D-sub, HDMI, DisplayPort, Speakers)", GW2780
Benq,"BenQ GW2780T - 27 Inch Eye-Care Monitor (5ms Response Time, Frameless, FHD IPS Panel, D-sub, HDMI, DisplayPort, Speakers)", GW2780T
Benq,"BenQ PD2500Q - 25 Inch 100% sRGB Designer Monitor (4ms Response Time, 2K QHD IPS Panel, Flicker-Free, HDMI, DisplayPort, Speakers)", PD2500Q
Benq,"BenQ PD2700Q - 27 Inch 100% sRGB Designer Monitor (4ms Response Time, 2K QHD IPS Panel, HDMI, DisplayPort, Mini DisplayPort, Spekers)", PD2700Q
Benq,"BenQ PD2700U - 27 Inch 100% sRGB Designer Monitor (5ms Response Time, Frameless, 4K UHD IPS Panel, HDMI, DisplayPort, Mini DisplayPort, Speakers)", PD2700U
Benq,"BenQ PD3200Q - 32 Inch 100% sRGB Designer Monitor (4ms Responce Time, 2K QHD VA Panel, DVI, HDMI, DisplayPort, Mini DisplayPort, Speakers)", PD3200Q
Benq,Benq 32 inch DesignVue Designer Monitor with 4K UHD-sRGB PD3200U, PD3200U
Benq,BenQ PD3220U DesignVue Designer 31.5 16:9 HDR 4K IPS Monitor, PD3220U
Benq,"BenQ PV270 - 27 Inch 100% sRGB Video Post-Production Monitor (5ms Response Time, 2K QHD IPS Panel, DVI, HDMI, DisplayPort, Mini DisplayPort)", PV270
Benq,"BenQ SW240 - 24 Inch 100% sRGB Photographer Monitor (5ms Responce Time, Frameless, WUXGA IPS Panel, DVI, HDMI, DisplayPort)", SW240
Benq,"BenQ SW2700PT - 27 Inch 100% sRGB Photographer Monitor (5ms Response Time, 2K QHD IPS Panel, DVI, HDMI, DisplayPort)", SW2700PT
Benq,"BenQ SW270C - 27 Inch 100% sRGB Photo Editing Monitor (5ms Responce Time, 2K QHD IPS Panel, HDMI, DisplayPort, USB Type-C)", SW270C
Benq,"BenQ Zowie XL2411K - 24 Inch Gaming Monitor (144Hz Refresh Rate, FHD TN Panel, HDMI, DisplayPort)", XL2411K
Benq,"BenQ Zowie XL2411P - 24 Inch e-Sports Gaming Monitor (1ms Response Time, 144Hz Refresh Rate, FHD TN Panel, DVI, HDMI, DisplayPort)", XL2411P
Benq,"BenQ Zowie XL2546 - 25 Inch e-Sports Gaming Monitor (1ms Response Time, 240Hz Refresh Rate, FHD TN Panel, DVI, HDMI, DisplayPort)", XL2546
Benq,"BenQ Zowie XL2546K - 25 Inch Gaming Monitor (0.5ms Response Time, 240Hz Refresh Rate, FHD TN Panel, HDMI, DisplayPort)", XL2546K
Benq,"BenQ Zowie XL2720 - 27 Inch e-Sports Gaming Monitor (1ms Response Time, 144Hz Refresh Rate, FHD TN Panel, D-sub, DVI, HDMI, DisplayPort)", XL2720
Benq,"BenQ Zowie XL2731 - 27 Inch e-Sports Gaming Monitor (1ms Response Time, 144Hz Refresh Rate, FHD TN Panel, DVI, HDMI, DisplayPort)", XL2731
Benq,"BenQ ZOWIE XL2746S - 27 Inch e-Sports Gaming Monitor (AMD FreeSync, 0.5ms Response Time, 240Hz Refresh Rate, FHD TN Panel, DVI-DL, HDMI, DisplayPort, Speaker)", XL2746S
Benq,"BenQ GL2780 - 27 Inch Eye-Care Monitor (1ms Response Time, FHD TN Panel, Flicker-free, VGA, HDMI, DisplayPort, DVI-D, Speakers)", GL2780
Asus,"Asus ProArt Display PA278QV - 27 Inch 100% sRGB Professional Monitor (5ms Response Time, Frameless, Flicker Free, WQHD IPS Panel, HDMI, DisplayPort, Speakers)", PA278QV 
Asus,ASUS ProArt PA27AC 27-Inch Screen LED-Lit Monitor, PA27AC 
Asus,"ASUS PB287Q - 28 Inch Gaming Monitor (1ms Response Time, 4K UHD TN Panel, HDMI, DisplayPort, Speakers)", PB287Q 
Asus,"ASUS VA24EHE 24 Inch Gaming Monitor (Adaptive-Sync, 5ms Response Time, Frameless, FHD, IPS Panel, DVI, HDMI, D-Sub)", VA24EHE 
Asus,"ASUS VG248QE - 24 Inch 3D Gaming Monitor (1ms Response Time, 144Hz Refresh Rate, FHD TN Panel, HDMI, DisplayPort, DVI-D, Speakers)", VG248QE 
Asus,"ASUS VG258QR - 25 Inch Gaming Monitor (Nvidia G-Sync, 0.5ms Response Time, 165Hz Refresh Rate, Frameless, FHD TN Panel, DVI-D, HDMI, DisplayPort, Speakers)", VG258QR 
Asus,"ASUS TUF GAMING VG259Q - 25 Inch Gaming Monitor (Adaptive-Sync, 1ms Response Time, 144Hz Refresh Rate, Frameless, FHD, IPS Panel, HDMI, DisplayPort, Speakers)", VG259Q 
Asus,"ASUS VG278QR - 27 Inch Gaming Monitor (Nvidia G-Sync, 0.5ms Response Time, 165Hz Refresh Rate, Frameless, FHD TN Panel, DVI-D, HDMI, DisplayPort, Speakers)", VG278QR 
Asus,"ASUS TUF GAMING VG279QM 27 Inch Gaming Monitor (Nvidia G-Sync, HDR, 1ms Response Time, 280Hz Refresh Rate, Frameless, FHD, IPS Panel, HDMI, DisplayPort, Speakers)", VG279QM 
Asus,ASUS VG27AQL1A 27 inch WQHD TUF Gaming  Gaming Monitor, VG27AQL1A 
Asus,"ASUS VP228H - 22 Inch Gaming Monitor (1ms Response Time, FHD TN Panel, DVI-D, HDMI, D-sub, Speakers)", VP228H 
Asus,"ASUS VZ229H - 22 Inch Monitor (5ms Response Time, Frameless, FHD IPS Panel, HDMI, D-sub, Speakers)", VZ229H 
Asus,"ASUS VZ249H - 24 Inch Monitor (5ms Response Time, Frameless, FHD IPS Panel, HDMI, D-Sub, Speakers)", VZ249H 
Asus,"ASUS VZ279HE - 27 Inch Monitor (5ms Response Time, Frameless, FHD IPS Panel, HDMI, D-sub)", VZ279HE 
Asus,"ASUS ROG Strix XG248Q - 24 Inch Gaming Monitor (Nvidia G-Sync, 1ms Response Time, 240Hz Refresh Rate, FHD TN Panel, HDMI, DisplayPort)", XG248Q 
Asus,"ASUS ROG Strix XG32VQ - 32 Inch 125% sRGB Curved Gaming Monitor (1800R Curved, Adaptive Sync, 4ms Response Time, 144Hz Refresh Rate, Frameless, 2K WQHD VA Panel, HDMI, DisplayPort)", XG32VQ 
Asus,"ASUS TUF Gaming VG27AQ - 27 Inch Gaming Monitor (Adaptive-Sync, HDR, 1ms Response Time, 165Hz Refresh Rate, WQHD, IPS Panel, HDMI, DisplayPort, Speakers)", VG27AQ 
Viewsonic,Viewsonic 24 inch VP2468 IPS Professional Monitor, VP2468
Viewsonic,"ViewSonic XG2405 - 24 Inch Gaming Monitor (AMD FreesSync, 1ms Response Time, 144Hz Refresh Rate, Frameless, FHD IPS Panel, HDMI, DisplayPort, Speakers)", XG2405
Viewsonic,ViewSonic VX2476-smhd 24 inch frameless IPS Monitor, VX2476
Viewsonic,ViewSonic VA2418-SH 241080p IPS Monitor, VA2418
Viewsonic,ViewSonic VA2718-SH 27 1080p IPS Monitor, VA2718
Viewsonic,Viewsonic 24 inch VX2457-MHD Gaming TN Monitor, VX2457
Viewsonic,Viewsonic 27 inch VX2776-SMHD IPS Monitor, VX2776
Viewsonic,Viewsonic 32 inch VX3276-2K-MHD IPS Monitor, VX3276
Viewsonic,Viewsonic 23.6 inch TD2421 Touch Monitor, TD2421
Viewsonic,"ViewSonic VA2256-H - 22 Inch Gaming Monitor (AMD FreesSync, 5ms Response Time, Frameless, Flicker-Free, FHD IPS Panel, VGA, HDMI)", VA2256
Gigabyte,AORUS AD27QD 27 Inch 2K 144Hz FreeSync IPS Monitor, AD27QD 
Gigabyte,"Gigabyte Aorus CV27F - 27 Inch Curved RGB Gaming Monitor (1500R Curved, AMD FreeSync, 1ms Response Time, 165Hz Refresh Rate, Frameless, FHD VA Panel, HDMI, DisplayPort)", CV27F 
Gigabyte,"GIGABYTE AORUS FI27Q - 27 Inch RGB Tactical Gaming Monitor (Adaptive-Sync, HDR, 1ms Response Time, 165Hz Refresh Rate, Frameless, FHD IPS Panel, HDMI, DisplayPorts)", FI27Q 
Gigabyte,"GIGABYTE G32QC - 32 Inch Curved Gaming Monitor (AMD FreeSync, 1ms Response Time, 165Hz Refresh Rate, Frameless, Frameless, 2K QHD VA Panel, HDMI, Displayport)", G32QC 
Gigabyte,GIGABYTE G27F 27 INCH GAMING MONITOR, G27F 
Gigabyte,GIGABYTE G27FC 27 INCH GAMING MONITOR, G27FC 
Gigabyte,GIGABYTE M27F 27 INCH GAMING MONITOR, M27F 
Gigabyte,GIGABYTE G27Q 27 INCH GAMING MONITOR, G27Q 
Gigabyte,GIGABYTE M27Q 27 INCH GAMING MONITOR, M27Q 
msi,"MSI Optix G241 - 24 Inch Gaming Monitor (AMD FreeSync, 1ms Response Time, 144Hz Refresh Rate, Frameless, FHD IPS Panel, HDMI, DisplayPort)", G241 
msi,"MSI Optix G271 - 27 Inch Gaming Monitor (AMD FreeSync, 1ms Response Time, 144Hz Refresh Rate, Frameless, FHD IPS Panel, HDMI, DisplayPort)", G271 
msi,"MSI Optix G27C4 - 27 Inch 115% sRGB Curved Gaming Monitor (1500R Curved, AMD FreeSync, 1ms Response Time, 165Hz Refresh Rate, Frameless, FHD VA Panel, HDMI, Displayport)", G27C4 
msi,"MSI Optix G27CQ4 - 27 Inch Curved Gaming Monitor (1500R Curved, AMD FreeSync, 1ms Response Time, 165Hz Refresh Rate, Frameless, WQHD VA Panel, Flicker Free, HDMI, Displayport)", G27CQ4 
msi,MSI Optix MAG241C 24 Inch 115% sRGB Curved Gaming Monitor (AMD FreeSync/1ms Response Time/144Hz Refresh Rate/FHD VA Panel), MAG241C 
msi,"Msi Optix G24C4 - 24 Inch Curved Gaming Monitor (1500R Curved, AMD FreeSync, 1ms Response Time, 144Hz Refresh Rate, Frameless, Flicker Free, FHD IPS Panel, HDMI, DisplayPort)", G24C4 
msi,"Msi PRO MP241 - 24 Inch Professional Monitor (7ms Response Time, FHD IPS Panel, HDMI)", MP241 
aoc,AOC C24G1 24 INCH CURVE GAMING MONITOR, C24G1
aoc,"AOC E2270SWHN - 22 Inch Monitor (5 ms Response Time, FHD TN Panel, HDMI, D-sub)", E2270SWHN
aoc,"AOC E970SWN5 - 19 Inch Monitor (5ms Response Time, HD TN Panel, D-sub)", E970SWN5
aoc,AOC 24.5-inch LED Gaming Monitor (G2590PX) “ Black, (G2590PX
