ID,Category,Name,Details,URL
1,monitor,LG 18.5 INCH LED GAMING MONITOR (19M38AB),LG 18.5 INCH LED GAMING MONITOR (19M38AB),pcpricetracker.in/gen/products/9df171364c0207326c17c2e6c50cdaf1
2,monitor,"LG 19M38HB - 19 Inch Monitor (5ms Response Time, HD TN Panel, HDMI, D-sub)","LG 19M38HB - 19 Inch Monitor (5ms Response Time, HD TN Panel, HDMI, D-sub)",pcpricetracker.in/gen/products/2dfc4313723fedcf438aef7675726ec6
3,monitor,"HP 24y - 24 Inch Monitor (8ms Response Time, FHD IPS Panel, DVI-D, HDMI, VGA)","HP 24y - 24 Inch Monitor (8ms Response Time, FHD IPS Panel, DVI-D, HDMI, VGA)",pcpricetracker.in/gen/products/ca7e515bddb2814bc9a9700eef62032c
4,monitor,"LG 20M39H - 20 Inch Monitor (5ms Response Time, HD TN Panel, HDMI, D-sub)","LG 20M39H - 20 Inch Monitor (5ms Response Time, HD TN Panel, HDMI, D-sub)",pcpricetracker.in/gen/products/4f6d1c430918b5c1c1ca20dc3997add9
5,monitor,"LG 22MK600M - 22 Inch Gaming Monitor (AMD FreeSync, 5ms Response Time, Frameless, FHD IPS Panel, HDMI, D-Sub)","LG 22MK600M - 22 Inch Gaming Monitor (AMD FreeSync, 5ms Response Time, Frameless, FHD IPS Panel, HDMI, D-Sub)",pcpricetracker.in/gen/products/08d5b9dbb025960103535c3ec56ba73d
6,monitor,"LG 22MP68VQ-P - 22 Inch Gaming Monitor (AMD FreeSync, 5ms Response Time, FHD IPS Panel, DVI, HDMI,  D-sub)","LG 22MP68VQ-P - 22 Inch Gaming Monitor (AMD FreeSync, 5ms Response Time, FHD IPS Panel, DVI, HDMI,  D-sub) @ 22MP68VQ-P",pcpricetracker.in/gen/products/bf76cfaae4109f1871251dacedbef24a
7,monitor,LG 24inch 24BK750Y-B Full HD IPS Monitor Workstation Monitor,LG 24inch 24BK750Y-B Full HD IPS Monitor Workstation Monitor,pcpricetracker.in/gen/products/58183c0b743226fd09a4072bd999c19e
8,monitor,"LG UltraGear 24GL600F-B - 24 Inch Gaming Monitor (AMD FreeSync, 1ms Responce Time, 144Hz Refresh Rate, FHD TN Panel, HDMI, Displayport)","LG UltraGear 24GL600F-B - 24 Inch Gaming Monitor (AMD FreeSync, 1ms Responce Time, 144Hz Refresh Rate, FHD TN Panel, HDMI, Displayport) @ 24GL600F-B",pcpricetracker.in/gen/products/1b7d0597eea0cf69b69454597de550d3
9,monitor,LG 24 inch Black FreeSync Gaming Monitor 24GM79G-B,LG 24 inch Black FreeSync Gaming Monitor 24GM79G-B,pcpricetracker.in/gen/products/375f00ef75f9a068a11d90750661ddca
10,monitor,"LG 24MK430H-B - 24 Inch Gaming Monitor (AMD FreeSync, 5ms Response Time, FHD IPS Panel, HDMI, D-Sub)","LG 24MK430H-B - 24 Inch Gaming Monitor (AMD FreeSync, 5ms Response Time, FHD IPS Panel, HDMI, D-Sub)",pcpricetracker.in/gen/products/20f7f33122c47bf48bda14ee0c037942
11,monitor,"LG 24MK600M-W - 24 Inch Gaming Monitor (AMD FreeSync, 5ms Response Time, Frameless, FHD IPS Panel, HDMI, D-sub)","LG 24MK600M-W - 24 Inch Gaming Monitor (AMD FreeSync, 5ms Response Time, Frameless, FHD IPS Panel, HDMI, D-sub)",pcpricetracker.in/gen/products/147312ee719eca166121ebacfa75a447
12,monitor,"LG 24MP59G - 24 Inch 99% sRGB Gaming Monitor (AMD FreeSync, 1ms Response Time, FHD IPS Panel, HDMI, D-sub, Display Port)","LG 24MP59G - 24 Inch 99% sRGB Gaming Monitor (AMD FreeSync, 1ms Response Time, FHD IPS Panel, HDMI, D-sub, Display Port)",pcpricetracker.in/gen/products/74f3688fbd106aefce03c5f9542c1e7d
13,monitor,"LG 24 inch Gaming Monitor - 1ms, 75Hz,Full HD, IPS Panel with VGA, HDMI, Display Port, Heaphone Ports - 24MP59G (Black)","LG 24 inch Gaming Monitor - 1ms, 75Hz,Full HD, IPS Panel with VGA, HDMI, Display Port, Heaphone Ports - 24MP59G (Black)",pcpricetracker.in/gen/products/40c61fb6c46cd531024cac8a7ec70783
14,monitor,LG 24â€³ Virtually Borderless IPS Monitor 24MP88HV,LG 24â€³ Virtually Borderless IPS Monitor 24MP88HV,pcpricetracker.in/gen/products/a9a9f76bebcfa26e30ad9a9f86d4b3bb
15,monitor,"LG 24MP88HV-S - 24 Inch 99% sRGB Monitor (Frameless, FHD IPS Panel, HDMI, D-sub, Speakers)","LG 24MP88HV-S - 24 Inch 99% sRGB Monitor (Frameless, FHD IPS Panel, HDMI, D-sub, Speakers)",pcpricetracker.in/gen/products/a51cadc5dbae3280c3ddbcebbeb5ba60
16,monitor,"LG 24UD58 - 24 Inch Gaming Monitor (AMD FreeSync, 5ms Response Time, 4K UHD IPS Panel, HDMI, DisplayPort)","LG 24UD58 - 24 Inch Gaming Monitor (AMD FreeSync, 5ms Response Time, 4K UHD IPS Panel, HDMI, DisplayPort)",pcpricetracker.in/gen/products/7a90a678955bce1b4efe23252820f544
17,monitor,LG 24UD58-B New-4K Monitor,LG 24UD58-B New-4K Monitor,pcpricetracker.in/gen/products/65c0ffd2a35758178926b33b8021ab85
18,monitor,"LG 25UM58 - 25 Inch 99% sRGB Gaming Monitor (5ms Response Time, Frameless, UW-FHD IPS Panel, HDMI)","LG 25UM58 - 25 Inch 99% sRGB Gaming Monitor (5ms Response Time, Frameless, UW-FHD IPS Panel, HDMI)",pcpricetracker.in/gen/products/df7cce455eae8717c07bc9a540042154
19,monitor,"LG UltraGear 27GL650F-B - 27 Inch 99% sRGB Gaming Monitor (Adaptive-Sync, 1ms Responce Time, 144Hz Refresh Rate, FHD IPS Panel, HDMI, Displayport)","LG UltraGear 27GL650F-B - 27 Inch 99% sRGB Gaming Monitor (Adaptive-Sync, 1ms Responce Time, 144Hz Refresh Rate, FHD IPS Panel, HDMI, Displayport) @ 27GL650F-B",pcpricetracker.in/gen/products/deac2a2d9501fe866f61a2794326939c
20,monitor,LG 27GL850 27 INCH ULTRAGEAR NANO IPS 1ms GAMING MONITOR,LG 27GL850 27 INCH ULTRAGEAR NANO IPS 1ms GAMING MONITOR @ 27GL850,pcpricetracker.in/gen/products/d169ff5055ea9d5d10960435c07f5a70
21,monitor,"Acer Aopen 27HC1R - 27 Inch Curved Gaming Monitor (1800R Curved, AMD FreeSync, 4ms Response Time, 144Hz Refresh Rate, Frameless, FHD VA Panel, DVI, HDMI, DisplayPort)","Acer Aopen 27HC1R - 27 Inch Curved Gaming Monitor (1800R Curved, AMD FreeSync, 4ms Response Time, 144Hz Refresh Rate, Frameless, FHD VA Panel, DVI, HDMI, DisplayPort)",pcpricetracker.in/gen/products/03eaa5f97031cbc248c8e7b3b374f263
22,monitor,"LG 27MK600M-W - 27 Inch Gaming Monitor (AMD FreeSync, 5ms Response Time, Frameless, FHD IPS Panel, HDMI)","LG 27MK600M-W - 27 Inch Gaming Monitor (AMD FreeSync, 5ms Response Time, Frameless, FHD IPS Panel, HDMI)",pcpricetracker.in/gen/products/2786b652d3b22b893a1179a5adef7101
23,monitor,LG 27UK650-W 27 inch 16:9 4K HDR FreeSync IPS Monitor,LG 27UK650-W 27 inch 16:9 4K HDR FreeSync IPS Monitor,pcpricetracker.in/gen/products/b24476d2d1a3a8dff3e1b9b785cae6a7
24,monitor,LG 27â€³ 16:9 4K HDR FreeSync IPS Monitor 27UK850-W,LG 27â€³ 16:9 4K HDR FreeSync IPS Monitor 27UK850-W,pcpricetracker.in/gen/products/e9518073e3092ff2f82920ddd2b48bb8
25,monitor,LG 29UB67 29 inch UltraWide Full HD Business Monitor,LG 29UB67 29 inch UltraWide Full HD Business Monitor,pcpricetracker.in/gen/products/caa118409f9993847945a91ecfd3a1bb
26,monitor,"LG 29UB67-B - 29 INCH 99% sRGB Monitor (5ms Response Time, WFHD IPS Panel, HDMI, DVI-D, Display Port, Speakers)","LG 29UB67-B - 29 INCH 99% sRGB Monitor (5ms Response Time, WFHD IPS Panel, HDMI, DVI-D, Display Port, Speakers)",pcpricetracker.in/gen/products/a671e6959f4413a63ab0690bbd756cc7
27,monitor,"HP 27Y - 27 Inch Monitor (5ms Response Time, FHD IPS Panel, DVI-D, HDMI, VGA)","HP 27Y - 27 Inch Monitor (5ms Response Time, FHD IPS Panel, DVI-D, HDMI, VGA)",pcpricetracker.in/gen/products/b90aaafb63fd231ee740925b7a5a1ad4
28,monitor,"HP 22YH - 22 Inch Monitor (5ms Respose Time, FHD TN Panel, HDMI, VGA)","HP 22YH - 22 Inch Monitor (5ms Respose Time, FHD TN Panel, HDMI, VGA)",pcpricetracker.in/gen/products/1b8c4c44c6966591b7e9c779ab9a7914
29,monitor,"LG 32MN58HM-P - 32 Inch Monitor (8ms Response Time, FHD IPS Panel, HDMI, D-sub, Speakers)","LG 32MN58HM-P - 32 Inch Monitor (8ms Response Time, FHD IPS Panel, HDMI, D-sub, Speakers)",pcpricetracker.in/gen/products/95245ebccdf4e417735a4296b3d468dc
30,monitor,LG 32â€³ 16:9 4K UHD FreeSync LCD Monitor 32UD59-B,LG 32â€³ 16:9 4K UHD FreeSync LCD Monitor 32UD59-B,pcpricetracker.in/gen/products/e5e35eaadbf9ea8798aea596d521ccd4
31,monitor,LG 34UC98-W 34 inch Curved FreeSync IPS Monitor,LG 34UC98-W 34 inch Curved FreeSync IPS Monitor,pcpricetracker.in/gen/products/61c9e3c0f44985c8710beda6aac91859
32,monitor,"HP 22F - 22 Inch Gaming Monitor (AMD FreeSync, 5Ms Response Time, Frameless, FHD IPS Panel, HDMI, VGA)","HP 22F - 22 Inch Gaming Monitor (AMD FreeSync, 5Ms Response Time, Frameless, FHD IPS Panel, HDMI, VGA)",pcpricetracker.in/gen/products/85514da01c00db2a6d1964e764419f6f
33,monitor,"HP 24F - 24 Inch Gaming Monitor (AMD FreeSync, 5Ms Response Time, Frameless, FHD IPS Panel, HDMI, VGA)","HP 24F - 24 Inch Gaming Monitor (AMD FreeSync, 5Ms Response Time, Frameless, FHD IPS Panel, HDMI, VGA)",pcpricetracker.in/gen/products/25d9405c62dea20c04c019e2921c1ac8
34,monitor,"HP 27F - 27 Inch Gaming Monitor (AMD FreeSync, 5ms Response Time, Frameless, FHD IPS Panel, HDMI, VGA)","HP 27F - 27 Inch Gaming Monitor (AMD FreeSync, 5ms Response Time, Frameless, FHD IPS Panel, HDMI, VGA)",pcpricetracker.in/gen/products/aff008b0095621ad9f73b40687384dbd
35,monitor,"HP 20KH - 20 Inch Monitor (5ms Response Time, HD+ TN Panel, HDMI, VGA)","HP 20KH - 20 Inch Monitor (5ms Response Time, HD+ TN Panel, HDMI, VGA)",pcpricetracker.in/gen/products/75762aca799e7d9fe2dfc3fb6cc418e4
36,monitor,"HP 24fw - 24 Inch Gaming Monitor (AMD FreeSync, 7ms Response Time, Frameless, FHD IPS Panel, HDMI, VGA, Speakers)","HP 24fw - 24 Inch Gaming Monitor (AMD FreeSync, 7ms Response Time, Frameless, FHD IPS Panel, HDMI, VGA, Speakers)",pcpricetracker.in/gen/products/87759eedd618a592f8d326d95f280467
37,monitor,"HP 27fw - 27 Inch Gaming Monitor (AMD FreeSync, 5ms Response Time, Frameless, FHD IPS Panel, HDMI, VGA, Speakers)","HP 27fw - 27 Inch Gaming Monitor (AMD FreeSync, 5ms Response Time, Frameless, FHD IPS Panel, HDMI, VGA, Speakers)",pcpricetracker.in/gen/products/1c3a6c1f1f6e003489d2eaf330cc2027
38,monitor,AORUS AD27QD 27 Inch 2K 144Hz FreeSync IPS Monitor,AORUS AD27QD 27 Inch 2K 144Hz FreeSync IPS Monitor,pcpricetracker.in/gen/products/818ec207e81f18795b5fecb53b2bfcd9
39,monitor,"BenQ BL2420PT - 24 Inch 100% sRGB Designer Monitor (5ms Response Time, 2K QHD IPS Panel, D-sub, DVI, HDMI, DisplayPort, Speakers)","BenQ BL2420PT - 24 Inch 100% sRGB Designer Monitor (5ms Response Time, 2K QHD IPS Panel, D-sub, DVI, HDMI, DisplayPort, Speakers)",pcpricetracker.in/gen/products/662000c6f65f1a237fda3e4aef7d707b
40,monitor,AOC C24G1 24 INCH CURVE GAMING MONITOR,AOC C24G1 24 INCH CURVE GAMING MONITOR,pcpricetracker.in/gen/products/7335ebf8caba6a27f73adc9854b55aac
41,monitor,"Acer CB271HK - 27 Inch 100% sRGB Gaming Monitor (4ms Response Time, 4K UHD IPS Panel, HDMI, DVI, DisplayPort)","Acer CB271HK - 27 Inch 100% sRGB Gaming Monitor (4ms Response Time, 4K UHD IPS Panel, HDMI, DVI, DisplayPort)",pcpricetracker.in/gen/products/d842265c828b52d314af875ec8c677fe
42,monitor,"Gigabyte Aorus CV27F - 27 Inch Curved RGB Gaming Monitor (1500R Curved, AMD FreeSync, 1ms Response Time, 165Hz Refresh Rate, Frameless, FHD VA Panel, HDMI, DisplayPort)","Gigabyte Aorus CV27F - 27 Inch Curved RGB Gaming Monitor (1500R Curved, AMD FreeSync, 1ms Response Time, 165Hz Refresh Rate, Frameless, FHD VA Panel, HDMI, DisplayPort) @ CV27F",pcpricetracker.in/gen/products/1669e73a4e95d4fa76c7fec5be2d4a25
43,monitor,"Dell D1918H - 19 Inch Monitor (5ms Responce Time, HD TN Panel, HDMI, VGA)","Dell D1918H - 19 Inch Monitor (5ms Responce Time, HD TN Panel, HDMI, VGA)",pcpricetracker.in/gen/products/6186311e01774d414f2df39e6c39393c
44,monitor,Dell E1715S 17â€³ LED Backlit 5:4 LCD Monitor,Dell E1715S 17â€³ LED Backlit 5:4 LCD Monitor,pcpricetracker.in/gen/products/7ca0a1ea7798a006a1e6a5eb430813ff
45,monitor,DELL E2016HV 20 INCH LCD GAMING MONITOR,DELL E2016HV 20 INCH LCD GAMING MONITOR,pcpricetracker.in/gen/products/416abe450e581653590570f405b86ee8
46,monitor,"Dell E2216HV - 22 Inch Monitor (5ms Response Time, FHD TN Panel, VGA)","Dell E2216HV - 22 Inch Monitor (5ms Response Time, FHD TN Panel, VGA)",pcpricetracker.in/gen/products/3108846290e30e41365ca040388ff0fe
47,monitor,"Dell E2218HN - 22 Inch Monitor (5ms Response Time, FHD TN Panel, HDMI, VGA)","Dell E2218HN - 22 Inch Monitor (5ms Response Time, FHD TN Panel, HDMI, VGA)",pcpricetracker.in/gen/products/09a68acacb285f73bed652f0b67cfdff
48,monitor,Dell E2218HN 22 Inch 5ms Response Time FHD TN Panel Monitor,Dell E2218HN 22 Inch 5ms Response Time FHD TN Panel Monitor,pcpricetracker.in/gen/products/ec688207af120956890ee27a8eac835f
49,monitor,"Dell E2219HN - 22 Inch Monitor (14ms Response Time, FHD IPS Panel, HDMI, VGA)","Dell E2219HN - 22 Inch Monitor (14ms Response Time, FHD IPS Panel, HDMI, VGA)",pcpricetracker.in/gen/products/3c9220c641f71d3527ad1bd47719e464
50,monitor,"AOC E2270SWHN - 22 Inch Monitor (5 ms Response Time, FHD TN Panel, HDMI, D-sub)","AOC E2270SWHN - 22 Inch Monitor (5 ms Response Time, FHD TN Panel, HDMI, D-sub)",pcpricetracker.in/gen/products/5252f7e8826db0e16a3b23084a6bd449
51,monitor,"AOC E970SWN5 - 19 Inch Monitor (5ms Response Time, HD TN Panel, D-sub)","AOC E970SWN5 - 19 Inch Monitor (5ms Response Time, HD TN Panel, D-sub)",pcpricetracker.in/gen/products/fc2c0512a1c58bea5985cb1a11a24f76
52,monitor,"Acer EB321HQ - 32 Inch Monitor (4ms Response Time, FHD IPS Panel, HDMI, VGA)","Acer EB321HQ - 32 Inch Monitor (4ms Response Time, FHD IPS Panel, HDMI, VGA)",pcpricetracker.in/gen/products/c8fc4732066c8b8513ff92f19553a27f
53,monitor,"Acer ED322Q 32 Inch Curved Gaming Monitor (4ms Response Time, Frameless, FHD VA Panel, DVI, HDMI, VGA, Speaker)","Acer ED322Q 32 Inch Curved Gaming Monitor (4ms Response Time, Frameless, FHD VA Panel, DVI, HDMI, VGA, Speaker)",pcpricetracker.in/gen/products/bc7aa3469b1769a5b29eacfad935f5ef
54,monitor,"BenQ EL2870U - 28 Inch Gaming Monitor (AMD FreeSync, HDR, 1ms Response Time, 4K UHD TN Panel, HDMI, DisplayPort, Speakers)","BenQ EL2870U - 28 Inch Gaming Monitor (AMD FreeSync, HDR, 1ms Response Time, 4K UHD TN Panel, HDMI, DisplayPort, Speakers)",pcpricetracker.in/gen/products/57cf5194bbaefa09cca42c7824a4f084
55,monitor,"Acer ET221Q - 22 Inch Monitor (4ms Response Time, Frameless, FHD IPS Panel, VGA)","Acer ET221Q - 22 Inch Monitor (4ms Response Time, Frameless, FHD IPS Panel, VGA)",pcpricetracker.in/gen/products/4b30548d98c8a4c9b0eb415e413044ca
56,monitor,"Acer ET271 - 27 Inch Monitor (4ms Response Time, Frameless, FHD PLS Panel, HDMI, VGA, Speakers)","Acer ET271 - 27 Inch Monitor (4ms Response Time, Frameless, FHD PLS Panel, HDMI, VGA, Speakers)",pcpricetracker.in/gen/products/f5e00d2fc56406a3db083bac0c68815f
57,monitor,"Acer ET322QK 32 Inch Gaming Monitor (AMD FreeSync, 4ms Response Time, Frameless, 4K UHD VA Panel, HDMI, DisplayPort, Speakers)","Acer ET322QK 32 Inch Gaming Monitor (AMD FreeSync, 4ms Response Time, Frameless, 4K UHD VA Panel, HDMI, DisplayPort, Speakers) @ UM.JE2AA.003",pcpricetracker.in/gen/products/c9e882fbdb20de90c9f142967915b7df
58,monitor,"BenQ EW2480 - 24 Inch Gaming Monitor (AMD FreeSync, HDRi, 5ms Response Time, FHD IPS Panel, Frameless, HDMI, Speakers)","BenQ EW2480 - 24 Inch Gaming Monitor (AMD FreeSync, HDRi, 5ms Response Time, FHD IPS Panel, Frameless, HDMI, Speakers)",pcpricetracker.in/gen/products/30ac9f4e1f954d05b8fba233e710aa64
59,monitor,"BenQ EW2780 - 27 Inch Video Enjoyment Monitor (HDRi, 5ms Response Time, Frameless, FHD IPS Panel, HDMI, Speakers)","BenQ EW2780 - 27 Inch Video Enjoyment Monitor (HDRi, 5ms Response Time, Frameless, FHD IPS Panel, HDMI, Speakers)",pcpricetracker.in/gen/products/a91eca905fa6c73c1d7b5f8a42aeef6f
60,monitor,"BenQ EW2780Q - 27 Inch Video Enjoyment Monitor (HDRi, 5ms Response Time, Frameless, 2K QHD IPS Panel, HDMI, Speakers)","BenQ EW2780Q - 27 Inch Video Enjoyment Monitor (HDRi, 5ms Response Time, Frameless, 2K QHD IPS Panel, HDMI, Speakers) @ EW2780Q",pcpricetracker.in/gen/products/4756d58fabdada08ac62fefaf6e7a408
61,monitor,"BenQ EW3270U - 32 Inch Video Enjoyment Monitor (AMD FreeSync, HDR, 4ms Response Time, Frameless, 4K UHD VA Panel, HDMI, DisplayPort, Speakers)","BenQ EW3270U - 32 Inch Video Enjoyment Monitor (AMD FreeSync, HDR, 4ms Response Time, Frameless, 4K UHD VA Panel, HDMI, DisplayPort, Speakers) @ EW3270U",pcpricetracker.in/gen/products/1cfe7d851ca512234e9a4872b3c38450
62,monitor,"BenQ EW3280U - 32 Inch Gaming Monitor (AMD FreeSync, 5ms Responce Time, HDRi, Frameless, 4K IPS Panel, HDMI, DisplayPort, Speakers)","BenQ EW3280U - 32 Inch Gaming Monitor (AMD FreeSync, 5ms Responce Time, HDRi, Frameless, 4K IPS Panel, HDMI, DisplayPort, Speakers)",pcpricetracker.in/gen/products/651904a53f8e4681f00fe557dc6927db
63,monitor,"BenQ MOBIUZ EX2510 - 25 Inch Gaming Monitor (AMD FreeSync, 144Hz Refresh Rate,1ms Response Time, Frameless, FHD IPS Panel, Flicker Free, HDMI, DisplayPort, Speakers)","BenQ MOBIUZ EX2510 - 25 Inch Gaming Monitor (AMD FreeSync, 144Hz Refresh Rate,1ms Response Time, Frameless, FHD IPS Panel, Flicker Free, HDMI, DisplayPort, Speakers) @ EX2510",pcpricetracker.in/gen/products/806141e44c94e87189c1f5efa1d8c759
64,monitor,"BenQ EX2780Q - 27 Inch Gaming Monitor (AMD FreeSync, HDRi, 5ms Response Time, 144Hz Refresh Rate, Frameless, 2K QHD IPS Panel, HDMI, DisplayPort, USB Type-C, Speakers)","BenQ EX2780Q - 27 Inch Gaming Monitor (AMD FreeSync, HDRi, 5ms Response Time, 144Hz Refresh Rate, Frameless, 2K QHD IPS Panel, HDMI, DisplayPort, USB Type-C, Speakers) @ EX2780Q",pcpricetracker.in/gen/products/628af0daa419b97ffb7eed02fc7bfdeb
65,monitor,"GIGABYTE AORUS FI27Q - 27 Inch RGB Tactical Gaming Monitor (Adaptive-Sync, HDR, 1ms Response Time, 165Hz Refresh Rate, Frameless, FHD IPS Panel, HDMI, DisplayPorts)","GIGABYTE AORUS FI27Q - 27 Inch RGB Tactical Gaming Monitor (Adaptive-Sync, HDR, 1ms Response Time, 165Hz Refresh Rate, Frameless, FHD IPS Panel, HDMI, DisplayPorts) @ FI27Q-P",pcpricetracker.in/gen/products/d039f9700efb1d0597c172c068c37600
66,monitor,"MSI Optix G241 - 24 Inch Gaming Monitor (AMD FreeSync, 1ms Response Time, 144Hz Refresh Rate, Frameless, FHD IPS Panel, HDMI, DisplayPort)","MSI Optix G241 - 24 Inch Gaming Monitor (AMD FreeSync, 1ms Response Time, 144Hz Refresh Rate, Frameless, FHD IPS Panel, HDMI, DisplayPort) @ OPTIXG241",pcpricetracker.in/gen/products/5e165cca2ae1e511031408fd1def0639
67,monitor,AOC 24.5-inch LED Gaming Monitor (G2590PX) â€“ Black,AOC 24.5-inch LED Gaming Monitor (G2590PX) â€“ Black,pcpricetracker.in/gen/products/a3100e4ef6a1b10201d04d52b87755b4
68,monitor,"MSI Optix G271 - 27 Inch Gaming Monitor (AMD FreeSync, 1ms Response Time, 144Hz Refresh Rate, Frameless, FHD IPS Panel, HDMI, DisplayPort)","MSI Optix G271 - 27 Inch Gaming Monitor (AMD FreeSync, 1ms Response Time, 144Hz Refresh Rate, Frameless, FHD IPS Panel, HDMI, DisplayPort) @ OPTIXG271",pcpricetracker.in/gen/products/d902f9324c8820487b0c7c9f7f0b5864
69,monitor,"MSI Optix G27C4 - 27 Inch 115% sRGB Curved Gaming Monitor (1500R Curved, AMD FreeSync, 1ms Response Time, 165Hz Refresh Rate, Frameless, FHD VA Panel, HDMI, Displayport)","MSI Optix G27C4 - 27 Inch 115% sRGB Curved Gaming Monitor (1500R Curved, AMD FreeSync, 1ms Response Time, 165Hz Refresh Rate, Frameless, FHD VA Panel, HDMI, Displayport) @ OPTIX-G27C4",pcpricetracker.in/gen/products/91e739aeef4561bab51353116a9d4ade
70,monitor,"MSI Optix G27CQ4 - 27 Inch Curved Gaming Monitor (1500R Curved, AMD FreeSync, 1ms Response Time, 165Hz Refresh Rate, Frameless, WQHD VA Panel, Flicker Free, HDMI, Displayport)","MSI Optix G27CQ4 - 27 Inch Curved Gaming Monitor (1500R Curved, AMD FreeSync, 1ms Response Time, 165Hz Refresh Rate, Frameless, WQHD VA Panel, Flicker Free, HDMI, Displayport) @ OPTIX-G27CQ4",pcpricetracker.in/gen/products/0c627c659ae0bfeb6cfa7e1e16a39ada
71,monitor,"GIGABYTE G32QC - 32 Inch Curved Gaming Monitor (AMD FreeSync, 1ms Response Time, 165Hz Refresh Rate, Frameless, Frameless, 2K QHD VA Panel, HDMI, Displayport)","GIGABYTE G32QC - 32 Inch Curved Gaming Monitor (AMD FreeSync, 1ms Response Time, 165Hz Refresh Rate, Frameless, Frameless, 2K QHD VA Panel, HDMI, Displayport) @ G32QC",pcpricetracker.in/gen/products/40f064cbdd2ecca6ede9feb2f801f9ab
72,monitor,"Acer GN246HL 24 Inch 3D Gaming Monitor (1ms Response Time, 144Hz Refresh Rate, FHD TN Panel, DVI, HDMI, VGA)","Acer GN246HL 24 Inch 3D Gaming Monitor (1ms Response Time, 144Hz Refresh Rate, FHD TN Panel, DVI, HDMI, VGA)",pcpricetracker.in/gen/products/97a5ae3f2f78a69dd1ffe9a06841be4a
73,monitor,BENQ GW2283 22 Inch FHD Frameless Monitor GW2283,BENQ GW2283 22 Inch FHD Frameless Monitor GW2283 @ GW2283,pcpricetracker.in/gen/products/675a4e83fa1259eb09974742d155646f
74,monitor,"BenQ GW2480 - 24 Inch Stylish Monitor (5ms Response Time, FHD IPS Panel, D-sub, HDMI, DisplayPort, Speakers)","BenQ GW2480 - 24 Inch Stylish Monitor (5ms Response Time, FHD IPS Panel, D-sub, HDMI, DisplayPort, Speakers) @ GW2480",pcpricetracker.in/gen/products/803278760a542cb935ba72c7aa91af5d
75,monitor,"BenQ GW2480T - 24 Inch Stylish Monitor (5ms Response Time, FHD IPS Panel, D-sub, HDMI, DisplayPort, Speakers)","BenQ GW2480T - 24 Inch Stylish Monitor (5ms Response Time, FHD IPS Panel, D-sub, HDMI, DisplayPort, Speakers)",pcpricetracker.in/gen/products/28c7edd4395e208ca230780dcad2f45d
76,monitor,"BenQ GW2780 - 27 Inch Stylish Monitor (5ms Response Time, Frameless, FHD IPS Panel, D-sub, HDMI, DisplayPort, Speakers)","BenQ GW2780 - 27 Inch Stylish Monitor (5ms Response Time, Frameless, FHD IPS Panel, D-sub, HDMI, DisplayPort, Speakers) @ GW2780",pcpricetracker.in/gen/products/ba143053d286420bc52e5c304f6ca54b
77,monitor,"BenQ GW2780T - 27 Inch Eye-Care Monitor (5ms Response Time, Frameless, FHD IPS Panel, D-sub, HDMI, DisplayPort, Speakers)","BenQ GW2780T - 27 Inch Eye-Care Monitor (5ms Response Time, Frameless, FHD IPS Panel, D-sub, HDMI, DisplayPort, Speakers)",pcpricetracker.in/gen/products/4fc93705a5336e8609c0e1b74e1e70e4
78,monitor,"Acer K222HQL - 22 Inch Monitor (5ms Response Time, FHD TN Panel, VGA, Speaker)","Acer K222HQL - 22 Inch Monitor (5ms Response Time, FHD TN Panel, VGA, Speaker)",pcpricetracker.in/gen/products/46fe8899e5a5f9e62f29a992b2e54337
79,monitor,"ACER KA220HQ 22 Inch Monitor (5ms Response Time, FHD TN Panel, DVI, VGA)","ACER KA220HQ 22 Inch Monitor (5ms Response Time, FHD TN Panel, DVI, VGA)",pcpricetracker.in/gen/products/509aa55e946d46326108866cadab046e
80,monitor,"Acer KA240H 24 Inch Monitor (5ms Response Time, FHD TN Panel, HDMI, D-sub)","Acer KA240H 24 Inch Monitor (5ms Response Time, FHD TN Panel, HDMI, D-sub)",pcpricetracker.in/gen/products/5de0396408cd953a65924db91499997d
81,monitor,Acer 24 Inch KG241QS AMD FreeSync 0.5ms Response Time 165Hz Refresh Rate Gaming Monitor,Acer 24 Inch KG241QS AMD FreeSync 0.5ms Response Time 165Hz Refresh Rate Gaming Monitor @ UM.UX1EE.S01,pcpricetracker.in/gen/products/9410f37c3af950bec8b56ea67e51be5d
82,monitor,"Acer KG271 - 27 Inch Gaming Monitor (AMD FreeSync, 1ms Response Time, 240Hz Refresh Rate, Frameless, FHD TN Panel, HDMI, DisplayPort, Speakers)","Acer KG271 - 27 Inch Gaming Monitor (AMD FreeSync, 1ms Response Time, 240Hz Refresh Rate, Frameless, FHD TN Panel, HDMI, DisplayPort, Speakers) @ UM-HX1SI-B01",pcpricetracker.in/gen/products/c412b32fa9a06951aa4df0424f82a1f3
83,monitor,"Acer KG271C - 27 Inch Gaming Monitor (AMD FreeSync, 1ms Response Time, 144Hz Refresh Rate, Frameless, FHD TN Panel, HDMI, DVI, DisplayPort, Speakers)","Acer KG271C - 27 Inch Gaming Monitor (AMD FreeSync, 1ms Response Time, 144Hz Refresh Rate, Frameless, FHD TN Panel, HDMI, DVI, DisplayPort, Speakers)",pcpricetracker.in/gen/products/9354d509a622af94cc5be3a17e57914f
84,monitor,"ACER KG281K â€“ 28 Inch Gaming Monitor (Amd Freesync, 1ms Response Time, 4K UHD TN Panel, HDMI, Speakers)","ACER KG281K â€“ 28 Inch Gaming Monitor (Amd Freesync, 1ms Response Time, 4K UHD TN Panel, HDMI, Speakers)",pcpricetracker.in/gen/products/043fa6cc3aff5ddbc4c2487bfb266864
85,monitor,SAMSUNG 23.6 INCH CURVED WITH 1800R FUll HD LED GAMING MONITOR (LC24F390FHWXXL),SAMSUNG 23.6 INCH CURVED WITH 1800R FUll HD LED GAMING MONITOR (LC24F390FHWXXL),pcpricetracker.in/gen/products/847763566ef62a0cea5d9235e7d1a079
86,monitor,"Samsung LC24F392FHWXXL - 24 Inch Curved Gaming Monitor (1800R Curved, AMD FreeSync, 4ms Response Time, FHD VA Panel, HDMI, D-sub)","Samsung LC24F392FHWXXL - 24 Inch Curved Gaming Monitor (1800R Curved, AMD FreeSync, 4ms Response Time, FHD VA Panel, HDMI, D-sub)",pcpricetracker.in/gen/products/611e4755c3d2b0e989b84ed30eb1e450
87,monitor,SAMSUNG LC24FG73FQWXXL 23.5â€³ INCH CURVED WITH 1800R FUll HD LED MONITOR,SAMSUNG LC24FG73FQWXXL 23.5â€³ INCH CURVED WITH 1800R FUll HD LED MONITOR,pcpricetracker.in/gen/products/f9023f2fc39854264e94b8111edd3236
88,monitor,SAMSUNG LC24RG50FQUWXXL 23.5â€³ INCH CURVED WITH 1800R FUll HD LED MONITOR,SAMSUNG LC24RG50FQUWXXL 23.5â€³ INCH CURVED WITH 1800R FUll HD LED MONITOR,pcpricetracker.in/gen/products/0de7c3adb8073afe458690cafc156f88
89,monitor,"Samsung LC24RG50FQWXXL 24 Inch Curved Gaming Monitor (1800R Curved, AMD FreeSync, 4ms Response Time, 144Hz Refresh Rate, FHD VA Panel, DisplayPort, HDMI)","Samsung LC24RG50FQWXXL 24 Inch Curved Gaming Monitor (1800R Curved, AMD FreeSync, 4ms Response Time, 144Hz Refresh Rate, FHD VA Panel, DisplayPort, HDMI) @ LC24RG50FQWXXL",pcpricetracker.in/gen/products/fcfa467f9ba017bddb22f217afd97cab
90,monitor,SAMSUNG LC27F390FHWXXL 27 CURVED WITH 1800R FUll HD LED GAMING MONITOR,SAMSUNG LC27F390FHWXXL 27 CURVED WITH 1800R FUll HD LED GAMING MONITOR,pcpricetracker.in/gen/products/e5c2fe0fb2cb6b0e3b40d3851bc66135
91,monitor,SAMSUNG 27 INCH CURVED FULL HD 1800R LED MONITOR,SAMSUNG 27 INCH CURVED FULL HD 1800R LED MONITOR @ LC27F591FDWXXL,pcpricetracker.in/gen/products/20ae38c9327d890a5a251574a0798761
92,monitor,SAMSUNG LC27FG73FQWXXL 27â€³ INCH CURVED WITH 1800R FUll HD LED MONITOR,SAMSUNG LC27FG73FQWXXL 27â€³ INCH CURVED WITH 1800R FUll HD LED MONITOR,pcpricetracker.in/gen/products/97237028120840eae9586290e7f893fa
93,monitor,"Samsung Odyssey G5 LC27G55TQWWXXL - 27 Inch Curved Gaming Monitor (1000R Curved, AMD FreeSync, 1ms Response Time, 144Hz Refresh Rate, Flicker Free, WQHD VA Panel, HDMI, Display Port)","Samsung Odyssey G5 LC27G55TQWWXXL - 27 Inch Curved Gaming Monitor (1000R Curved, AMD FreeSync, 1ms Response Time, 144Hz Refresh Rate, Flicker Free, WQHD VA Panel, HDMI, Display Port)",pcpricetracker.in/gen/products/6ae4efd2b47dc3fa436e0d838e14623a
94,monitor,"Samsung LC27JG54QQWXXL - 27 Inch Curved Gaming Monitor (1800R Curved, AMD FreeSync, 4ms Response Time, 144Hz Refresh Rate, WQHD VA Panel, HDMI, Display Port)","Samsung LC27JG54QQWXXL - 27 Inch Curved Gaming Monitor (1800R Curved, AMD FreeSync, 4ms Response Time, 144Hz Refresh Rate, WQHD VA Panel, HDMI, Display Port)",pcpricetracker.in/gen/products/fc6e8037b6003836569f86349df4ce8f
95,monitor,"Samsung LC27RG50FQWXXL - 27 Inch Curved Gaming Monitor (1500R Curved, Nvidia G-Sync, 4ms Response Time, 240Hz Refresh Rate, FHD VA Panel, HDMI, Display Port)","Samsung LC27RG50FQWXXL - 27 Inch Curved Gaming Monitor (1500R Curved, Nvidia G-Sync, 4ms Response Time, 240Hz Refresh Rate, FHD VA Panel, HDMI, Display Port)",pcpricetracker.in/gen/products/ec47bfa6312b98f27e7b19bc80287e4f
96,monitor,Samsung LC27T550 27â€³ FHD Curved Monitor,Samsung LC27T550 27â€³ FHD Curved Monitor,pcpricetracker.in/gen/products/ff249c9508ba724ec8d5a1c7d1f96ee6
97,monitor,"Samsung LC27T550FDWXXL - 27 Inch Curved Gaming Monitor (1000R Curved, AMD FreeSync, 4ms Response Time, Flicker Free, FHD VA Panel, HDMI, Display Port, Speakers)","Samsung LC27T550FDWXXL - 27 Inch Curved Gaming Monitor (1000R Curved, AMD FreeSync, 4ms Response Time, Flicker Free, FHD VA Panel, HDMI, Display Port, Speakers)",pcpricetracker.in/gen/products/ab7f031efb1b93ea79c467edc5084eb1
98,monitor,"Samsung LC32F39MFUWXXL - 32 Inch Curved Monitor (1800R Curved, 4ms Response Time, FHD UHD VA Panel, HDMI, Speaker)","Samsung LC32F39MFUWXXL - 32 Inch Curved Monitor (1800R Curved, 4ms Response Time, FHD UHD VA Panel, HDMI, Speaker)",pcpricetracker.in/gen/products/f4a94b04fdb89a9334cd761857499972
99,monitor,Samsung 49inch Curved Gaming Monitor LC49RG90SSWXXL,Samsung 49inch Curved Gaming Monitor LC49RG90SSWXXL,pcpricetracker.in/gen/products/3bb65f9cf70ce9c42429b4cad48b5e47
100,monitor,"Samsung LF22T350FHWXXL - 22 Inch Gaming Monitor (AMD FreeSync, 5ms Response Time, FHD IPS Panel, HDMI)","Samsung LF22T350FHWXXL - 22 Inch Gaming Monitor (AMD FreeSync, 5ms Response Time, FHD IPS Panel, HDMI)",pcpricetracker.in/gen/products/4c548f3b66e93db0d02cecc55f874667
101,monitor,"Samsung LF24T352FHWXXL - 24 Inch Gaming Monitor (AMD FreeSync, 5ms Response Time, Frameless, FHD IPS Panel, HDMI)","Samsung LF24T352FHWXXL - 24 Inch Gaming Monitor (AMD FreeSync, 5ms Response Time, Frameless, FHD IPS Panel, HDMI)",pcpricetracker.in/gen/products/0cd42cac861284921ce59ac05faa96a9
102,monitor,"Samsung LS22F350FHWXXL 22 Inch 99% sRGB Gaming Monitor (AMD FreeSync, 5ms Response Time, 60Hz Refresh Rate, FHD TN Panel, HDMI, D-Sub)","Samsung LS22F350FHWXXL 22 Inch 99% sRGB Gaming Monitor (AMD FreeSync, 5ms Response Time, 60Hz Refresh Rate, FHD TN Panel, HDMI, D-Sub)",pcpricetracker.in/gen/products/6150b14768883d2c0119047c5cf3bc51
103,monitor,"Samsung LS22R350FHWXXL - 22 Inch Gaming Monitor (AMD FreeSync, 5ms Response Time, Frameless, FHD IPS Panel, HDMI, D-Sub)","Samsung LS22R350FHWXXL - 22 Inch Gaming Monitor (AMD FreeSync, 5ms Response Time, Frameless, FHD IPS Panel, HDMI, D-Sub)",pcpricetracker.in/gen/products/85820f7a9c9f07f1650e01c99a409f8b
104,monitor,SAMSUNG LS24D300HS/XL 24 INCH LED GAMING MONITOR,SAMSUNG LS24D300HS/XL 24 INCH LED GAMING MONITOR,pcpricetracker.in/gen/products/7643d4d32c57551878ac821bb2f76c82
105,monitor,"Samsung LS24R350FHWXXL - 24 Inch Gaming Monitor (AMD FreeSync, 5ms Response Time, FHD IPS Panel, HDMI, D-Sub)","Samsung LS24R350FHWXXL - 24 Inch Gaming Monitor (AMD FreeSync, 5ms Response Time, FHD IPS Panel, HDMI, D-Sub)",pcpricetracker.in/gen/products/294859e0401125a728b86a29cabeddd8
106,monitor,SAMSUNG 23.5 INCH LED WITH AH IPS GAMING MONITOR (LS27F350FHWXXL),SAMSUNG 23.5 INCH LED WITH AH IPS GAMING MONITOR (LS27F350FHWXXL),pcpricetracker.in/gen/products/bf8ef87b37ed8f03970e52414323ae66
107,monitor,SAMSUNG LU28E590DS/XL 28 INCH UHD LED GAMING MONITOR,SAMSUNG LU28E590DS/XL 28 INCH UHD LED GAMING MONITOR,pcpricetracker.in/gen/products/eaa15ca30546623108aabe11933eda4f
108,monitor,"Samsung LU32J590UQWXXL - 32 Inch Business Monitor (Amd Freesync, 4ms Response Time, 4K UHD VA Panel, DisplayPort, HDMI)","Samsung LU32J590UQWXXL - 32 Inch Business Monitor (Amd Freesync, 4ms Response Time, 4K UHD VA Panel, DisplayPort, HDMI)",pcpricetracker.in/gen/products/d48753cf2df07d25c220ffd3cd2ccfc1
109,monitor,MSI Optix MAG241C 24 Inch 115% sRGB Curved Gaming Monitor (AMD FreeSync/1ms Response Time/144Hz Refresh Rate/FHD VA Panel),MSI Optix MAG241C 24 Inch 115% sRGB Curved Gaming Monitor (AMD FreeSync/1ms Response Time/144Hz Refresh Rate/FHD VA Panel) @ MAG241C,pcpricetracker.in/gen/products/5c96a6fd6d552e1d57c1b4c26dc1ed69
110,monitor,Dell P2419HC 23.8â€³ 16:9 Ultrathin Bezel IPS Monitor,Dell P2419HC 23.8â€³ 16:9 Ultrathin Bezel IPS Monitor,pcpricetracker.in/gen/products/eae16be8766441b39b672b7b84525f46
111,monitor,"Asus ProArt Display PA278QV - 27 Inch 100% sRGB Professional Monitor (5ms Response Time, Frameless, Flicker Free, WQHD IPS Panel, HDMI, DisplayPort, Speakers)","Asus ProArt Display PA278QV - 27 Inch 100% sRGB Professional Monitor (5ms Response Time, Frameless, Flicker Free, WQHD IPS Panel, HDMI, DisplayPort, Speakers) @ PA278QV",pcpricetracker.in/gen/products/fc7be83c4d297ce311d9f31a02bc51dc
112,monitor,ASUS ProArt PA27AC 27-Inch Screen LED-Lit Monitor,ASUS ProArt PA27AC 27-Inch Screen LED-Lit Monitor,pcpricetracker.in/gen/products/8be497a73c75100b61f1e2f22c7ab0d1
113,monitor,"ASUS PB287Q - 28 Inch Gaming Monitor (1ms Response Time, 4K UHD TN Panel, HDMI, DisplayPort, Speakers)","ASUS PB287Q - 28 Inch Gaming Monitor (1ms Response Time, 4K UHD TN Panel, HDMI, DisplayPort, Speakers) @ PB287Q",pcpricetracker.in/gen/products/4886b74d60af7e2de0f19513f60a9092
114,monitor,"BenQ PD2500Q - 25 Inch 100% sRGB Designer Monitor (4ms Response Time, 2K QHD IPS Panel, Flicker-Free, HDMI, DisplayPort, Speakers)","BenQ PD2500Q - 25 Inch 100% sRGB Designer Monitor (4ms Response Time, 2K QHD IPS Panel, Flicker-Free, HDMI, DisplayPort, Speakers)",pcpricetracker.in/gen/products/954da43b8a184c3b26426515f48c2b8a
115,monitor,"BenQ PD2700Q - 27 Inch 100% sRGB Designer Monitor (4ms Response Time, 2K QHD IPS Panel, HDMI, DisplayPort, Mini DisplayPort, Spekers)","BenQ PD2700Q - 27 Inch 100% sRGB Designer Monitor (4ms Response Time, 2K QHD IPS Panel, HDMI, DisplayPort, Mini DisplayPort, Spekers)",pcpricetracker.in/gen/products/3213a5761a8f22fc80ca1200b9895324
116,monitor,"BenQ PD2700U - 27 Inch 100% sRGB Designer Monitor (5ms Response Time, Frameless, 4K UHD IPS Panel, HDMI, DisplayPort, Mini DisplayPort, Speakers)","BenQ PD2700U - 27 Inch 100% sRGB Designer Monitor (5ms Response Time, Frameless, 4K UHD IPS Panel, HDMI, DisplayPort, Mini DisplayPort, Speakers) @ PD2700U",pcpricetracker.in/gen/products/1d55d8f6cd8b9b8e8fe541f050ad7b8b
117,monitor,"BenQ PD3200Q - 32 Inch 100% sRGB Designer Monitor (4ms Responce Time, 2K QHD VA Panel, DVI, HDMI, DisplayPort, Mini DisplayPort, Speakers)","BenQ PD3200Q - 32 Inch 100% sRGB Designer Monitor (4ms Responce Time, 2K QHD VA Panel, DVI, HDMI, DisplayPort, Mini DisplayPort, Speakers)",pcpricetracker.in/gen/products/22694eb05b3d6efccccb614f823ba53f
118,monitor,Benq 32 inch DesignVue Designer Monitor with 4K UHD-sRGB PD3200U,Benq 32 inch DesignVue Designer Monitor with 4K UHD-sRGB PD3200U,pcpricetracker.in/gen/products/42a689b4daf87cf70eabb61d891a1bbc
119,monitor,BenQ PD3220U DesignVue Designer 31.5â€³ 16:9 HDR 4K IPS Monitor,BenQ PD3220U DesignVue Designer 31.5â€³ 16:9 HDR 4K IPS Monitor,pcpricetracker.in/gen/products/5b5e5dd6f33a21c8683944118b2b7dc3
120,monitor,"BenQ PV270 - 27 Inch 100% sRGB Video Post-Production Monitor (5ms Response Time, 2K QHD IPS Panel, DVI, HDMI, DisplayPort, Mini DisplayPort)","BenQ PV270 - 27 Inch 100% sRGB Video Post-Production Monitor (5ms Response Time, 2K QHD IPS Panel, DVI, HDMI, DisplayPort, Mini DisplayPort)",pcpricetracker.in/gen/products/cf4a54e7d11d6a2f7b5477e1d3170a13
121,monitor,"Acer Nitro QG221Q 22 Inch Gaming Monitor (AMD FreeSync, 1ms Response Time, Frameless, FHD VA Panel, HDMI, VGA)","Acer Nitro QG221Q 22 Inch Gaming Monitor (AMD FreeSync, 1ms Response Time, Frameless, FHD VA Panel, HDMI, VGA)",pcpricetracker.in/gen/products/7079693ebb99a856c4fdc84746361edc
122,monitor,"Acer S271HL H - 27 Inch Monitor (1ms Response Time, FHD TN Panel, HDMI, VGA)","Acer S271HL H - 27 Inch Monitor (1ms Response Time, FHD TN Panel, HDMI, VGA)",pcpricetracker.in/gen/products/a744c2812f128af2b32dcc3ebf369969
123,monitor,"Dell SE2219HX - 22 Inch Monitor (8ms Response Time, Frameless, FHD IPS Panel, HDMI, VGA)","Dell SE2219HX - 22 Inch Monitor (8ms Response Time, Frameless, FHD IPS Panel, HDMI, VGA)",pcpricetracker.in/gen/products/a3c004cb4a526c1df954935e04d0ed5e
124,monitor,Dell SE2419H 24 inch FHD IPS Monitor For Work And Entertainment,Dell SE2419H 24 inch FHD IPS Monitor For Work And Entertainment,pcpricetracker.in/gen/products/1075a9d66fe60b62ee6ba8da096026a9
125,monitor,"Dell SE2719H - 27 Inch Monitor (5ms Response Time, Frameless, FHD IPS Panel, HDMI, VGA)","Dell SE2719H - 27 Inch Monitor (5ms Response Time, Frameless, FHD IPS Panel, HDMI, VGA)",pcpricetracker.in/gen/products/ce408083716321816fc592198bbf1b6d
126,monitor,"BenQ SW240 - 24 Inch 100% sRGB Photographer Monitor (5ms Responce Time, Frameless, WUXGA IPS Panel, DVI, HDMI, DisplayPort)","BenQ SW240 - 24 Inch 100% sRGB Photographer Monitor (5ms Responce Time, Frameless, WUXGA IPS Panel, DVI, HDMI, DisplayPort)",pcpricetracker.in/gen/products/1f71deadd3132bcbf326197c0ce791b5
127,monitor,"BenQ SW2700PT - 27 Inch 100% sRGB Photographer Monitor (5ms Response Time, 2K QHD IPS Panel, DVI, HDMI, DisplayPort)","BenQ SW2700PT - 27 Inch 100% sRGB Photographer Monitor (5ms Response Time, 2K QHD IPS Panel, DVI, HDMI, DisplayPort) @ SW2700PT",pcpricetracker.in/gen/products/99b9af0f5b0c0a3cd58e20ab0615d39c
128,monitor,"BenQ SW270C - 27 Inch 100% sRGB Photo Editing Monitor (5ms Responce Time, 2K QHD IPS Panel, HDMI, DisplayPort, USB Type-C)","BenQ SW270C - 27 Inch 100% sRGB Photo Editing Monitor (5ms Responce Time, 2K QHD IPS Panel, HDMI, DisplayPort, USB Type-C)",pcpricetracker.in/gen/products/4f4160c8e635a418d24fad705a7b8a52
129,monitor,"HP 19KA - 19 Inch Monitor (5ms Response Time, HD TN Panel, VGA)","HP 19KA - 19 Inch Monitor (5ms Response Time, HD TN Panel, VGA)",pcpricetracker.in/gen/products/4e90c904b7eef8714265feac49c701b8
130,monitor,Dell U2415 Black 24.1 inch 6ms (GTG) Dual HDMI Widescreen LCD Monitor,Dell U2415 Black 24.1 inch 6ms (GTG) Dual HDMI Widescreen LCD Monitor,pcpricetracker.in/gen/products/e5c94ce0744d6cf45778c7ba1cc52a9c
131,monitor,"DELL U2419H 24 INCH 99% SRGB MONITOR (5MS RESPONSE TIME, FRAMELESS, FHD IPS PANEL, HDMI, DISPLAYPORT)","DELL U2419H 24 INCH 99% SRGB MONITOR (5MS RESPONSE TIME, FRAMELESS, FHD IPS PANEL, HDMI, DISPLAYPORT)",pcpricetracker.in/gen/products/1217a0d60750cb6efe147437cdf513cf
132,monitor,Acer NITRO VG0 VG270 27 Inch,Acer NITRO VG0 VG270 27 Inch,pcpricetracker.in/gen/products/246425e3e435b6dc5feef73d0d93c884
133,monitor,Acer KG1 27 inch 144 Hz Gaming Monitor KG271C UM.HX1SI.C01,Acer KG1 27 inch 144 Hz Gaming Monitor KG271C UM.HX1SI.C01,pcpricetracker.in/gen/products/cc8c4245b6cb69fb24e0e73608db9085
134,monitor,"Acer ED242QR 24 Inch Curved Gaming Monitor (1800R Curved, AMD FreeSync, 4ms Response Time, Frameless, FHD VA Panel, HDMI, VGA)","Acer ED242QR 24 Inch Curved Gaming Monitor (1800R Curved, AMD FreeSync, 4ms Response Time, Frameless, FHD VA Panel, HDMI, VGA) @ UM.UE2SI.A01",pcpricetracker.in/gen/products/0d8eeea5fb622db90a802fa9ac387a83
136,monitor,"ASUS VA24EHE 24 Inch Gaming Monitor (Adaptive-Sync, 5ms Response Time, Frameless, FHD, IPS Panel, DVI, HDMI, D-Sub)","ASUS VA24EHE 24 Inch Gaming Monitor (Adaptive-Sync, 5ms Response Time, Frameless, FHD, IPS Panel, DVI, HDMI, D-Sub)",pcpricetracker.in/gen/products/a2b341e3295cadbd12a5625e65b382d1
137,monitor,Acer Nitro VG240P 144Hz Full HD IPS Gaming Monitor,Acer Nitro VG240P 144Hz Full HD IPS Gaming Monitor,pcpricetracker.in/gen/products/95d02a14772cb443b19d08db482f1a48
138,monitor,"Acer VG240Y - 24 Inch Gaming Monitor (AMD FreeSync, 1ms Response Time, Frameless, FHD IPS Panel, HDMI, VGA, Speakers)","Acer VG240Y - 24 Inch Gaming Monitor (AMD FreeSync, 1ms Response Time, Frameless, FHD IPS Panel, HDMI, VGA, Speakers)",pcpricetracker.in/gen/products/51aa8e3428bd138f1b08d39a5f7310cb
139,monitor,ACER NITRO VG 24 INCH FULL HD VG240YPBIIP GAMING MONITOR,ACER NITRO VG 24 INCH FULL HD VG240YPBIIP GAMING MONITOR @ VG240YPBIIP,pcpricetracker.in/gen/products/9f44ff7cdb18d64a3ba121aa21d92b87
140,monitor,"ASUS VG248QE - 24 Inch 3D Gaming Monitor (1ms Response Time, 144Hz Refresh Rate, FHD TN Panel, HDMI, DisplayPort, DVI-D, Speakers)","ASUS VG248QE - 24 Inch 3D Gaming Monitor (1ms Response Time, 144Hz Refresh Rate, FHD TN Panel, HDMI, DisplayPort, DVI-D, Speakers)",pcpricetracker.in/gen/products/b25c1a35e11c2aa888d2bf02401a0141
141,monitor,"ASUS VG258QR - 25 Inch Gaming Monitor (Nvidia G-Sync, 0.5ms Response Time, 165Hz Refresh Rate, Frameless, FHD TN Panel, DVI-D, HDMI, DisplayPort, Speakers)","ASUS VG258QR - 25 Inch Gaming Monitor (Nvidia G-Sync, 0.5ms Response Time, 165Hz Refresh Rate, Frameless, FHD TN Panel, DVI-D, HDMI, DisplayPort, Speakers) @ VG258Q",pcpricetracker.in/gen/products/e039821bd918afc35802dba117157617
142,monitor,"ASUS TUF GAMING VG259Q - 25 Inch Gaming Monitor (Adaptive-Sync, 1ms Response Time, 144Hz Refresh Rate, Frameless, FHD, IPS Panel, HDMI, DisplayPort, Speakers)","ASUS TUF GAMING VG259Q - 25 Inch Gaming Monitor (Adaptive-Sync, 1ms Response Time, 144Hz Refresh Rate, Frameless, FHD, IPS Panel, HDMI, DisplayPort, Speakers) @ TUF-GAMING-VG259Q",pcpricetracker.in/gen/products/e470cacfc6db2b6facf042ea33967432
143,monitor,Acer Nitro VG270P IPS 27 inch 144Hz Free Sync Gaming Monitor,Acer Nitro VG270P IPS 27 inch 144Hz Free Sync Gaming Monitor @ N-UM.HV0SS.P03,pcpricetracker.in/gen/products/f781f43128b97aa142bad2f2d57c84c2
144,monitor,Acer VG271U 27 Inch 100% sRGB Gaming Monitor (AMD FreeSync/1ms Response Time/144Hz Refresh Rate/2K WQHD IPS Panel),Acer VG271U 27 Inch 100% sRGB Gaming Monitor (AMD FreeSync/1ms Response Time/144Hz Refresh Rate/2K WQHD IPS Panel) @ UM.HV1SI.P01,pcpricetracker.in/gen/products/cb5854dfee0e0e1fb67bb5f42dff8647
145,monitor,"ASUS VG278QR - 27 Inch Gaming Monitor (Nvidia G-Sync, 0.5ms Response Time, 165Hz Refresh Rate, Frameless, FHD TN Panel, DVI-D, HDMI, DisplayPort, Speakers)","ASUS VG278QR - 27 Inch Gaming Monitor (Nvidia G-Sync, 0.5ms Response Time, 165Hz Refresh Rate, Frameless, FHD TN Panel, DVI-D, HDMI, DisplayPort, Speakers)",pcpricetracker.in/gen/products/7ff41a75edb95cbb21d5be27c8091f2d
146,monitor,"ASUS TUF GAMING VG279QM 27 Inch Gaming Monitor (Nvidia G-Sync, HDR, 1ms Response Time, 280Hz Refresh Rate, Frameless, FHD, IPS Panel, HDMI, DisplayPort, Speakers)","ASUS TUF GAMING VG279QM 27 Inch Gaming Monitor (Nvidia G-Sync, HDR, 1ms Response Time, 280Hz Refresh Rate, Frameless, FHD, IPS Panel, HDMI, DisplayPort, Speakers) @ VG279AQ",pcpricetracker.in/gen/products/2344edfd269b67ec11bb28ad2cd497ac
147,monitor,ASUS VG27AQL1A 27 inch WQHD TUF Gaming  Gaming Monitor,ASUS VG27AQL1A 27 inch WQHD TUF Gaming  Gaming Monitor,pcpricetracker.in/gen/products/4c139d9887686d40d1001aaaad9e8d6c
148,monitor,"ASUS VP228H - 22 Inch Gaming Monitor (1ms Response Time, FHD TN Panel, DVI-D, HDMI, D-sub, Speakers)","ASUS VP228H - 22 Inch Gaming Monitor (1ms Response Time, FHD TN Panel, DVI-D, HDMI, D-sub, Speakers)",pcpricetracker.in/gen/products/2d7c6afbe79a998dcc88ceab37273e33
149,monitor,Viewsonic 24 inch VP2468 IPS Professional Monitor,Viewsonic 24 inch VP2468 IPS Professional Monitor,pcpricetracker.in/gen/products/18e3b5a24ad91b8c30ab9fd3541ae68f
150,monitor,"ASUS VZ229H - 22 Inch Monitor (5ms Response Time, Frameless, FHD IPS Panel, HDMI, D-sub, Speakers)","ASUS VZ229H - 22 Inch Monitor (5ms Response Time, Frameless, FHD IPS Panel, HDMI, D-sub, Speakers)",pcpricetracker.in/gen/products/f088fc3e06d8fb3ed9d2d38d61f7e60b
151,monitor,"ASUS VZ249H - 24 Inch Monitor (5ms Response Time, Frameless, FHD IPS Panel, HDMI, D-Sub, Speakers)","ASUS VZ249H - 24 Inch Monitor (5ms Response Time, Frameless, FHD IPS Panel, HDMI, D-Sub, Speakers)",pcpricetracker.in/gen/products/44303cf18f3af2d3d3c532fef0b80658
152,monitor,"ASUS VZ279HE - 27 Inch Monitor (5ms Response Time, Frameless, FHD IPS Panel, HDMI, D-sub)","ASUS VZ279HE - 27 Inch Monitor (5ms Response Time, Frameless, FHD IPS Panel, HDMI, D-sub)",pcpricetracker.in/gen/products/73af9fa3d9f89f2999eada3a3d903e75
153,monitor,"Acer Predator XB271HU - 27 Inch Gaming Monitor (Nvidia G-Sync, 4Ms Response Time, 144Hz Refresh Rate, 2K WQHD IPS Panel, HDMI, DisplayPort, Speakers)","Acer Predator XB271HU - 27 Inch Gaming Monitor (Nvidia G-Sync, 4Ms Response Time, 144Hz Refresh Rate, 2K WQHD IPS Panel, HDMI, DisplayPort, Speakers) @ XB271HU",pcpricetracker.in/gen/products/ae39e4df9e8a63e6c011ed095a97c96d
154,monitor,"ViewSonic XG2405 - 24 Inch Gaming Monitor (AMD FreesSync, 1ms Response Time, 144Hz Refresh Rate, Frameless, FHD IPS Panel, HDMI, DisplayPort, Speakers)","ViewSonic XG2405 - 24 Inch Gaming Monitor (AMD FreesSync, 1ms Response Time, 144Hz Refresh Rate, Frameless, FHD IPS Panel, HDMI, DisplayPort, Speakers)",pcpricetracker.in/gen/products/a72194cda284f3baa02f1a9ae8fc2d6f
155,monitor,"ASUS ROG Strix XG248Q - 24 Inch Gaming Monitor (Nvidia G-Sync, 1ms Response Time, 240Hz Refresh Rate, FHD TN Panel, HDMI, DisplayPort)","ASUS ROG Strix XG248Q - 24 Inch Gaming Monitor (Nvidia G-Sync, 1ms Response Time, 240Hz Refresh Rate, FHD TN Panel, HDMI, DisplayPort)",pcpricetracker.in/gen/products/daf45d354909724f9465f63ab2d32f48
156,monitor,"ASUS ROG Strix XG32VQ - 32 Inch 125% sRGB Curved Gaming Monitor (1800R Curved, Adaptive Sync, 4ms Response Time, 144Hz Refresh Rate, Frameless, 2K WQHD VA Panel, HDMI, DisplayPort)","ASUS ROG Strix XG32VQ - 32 Inch 125% sRGB Curved Gaming Monitor (1800R Curved, Adaptive Sync, 4ms Response Time, 144Hz Refresh Rate, Frameless, 2K WQHD VA Panel, HDMI, DisplayPort)",pcpricetracker.in/gen/products/edb2012c5c61037804d8df26d793ed2f
157,monitor,"BenQ Zowie XL2411K - 24 Inch Gaming Monitor (144Hz Refresh Rate, FHD TN Panel, HDMI, DisplayPort)","BenQ Zowie XL2411K - 24 Inch Gaming Monitor (144Hz Refresh Rate, FHD TN Panel, HDMI, DisplayPort) @ XL2411K",pcpricetracker.in/gen/products/055e98575708b88b1dfd613473fdf5f3
158,monitor,"BenQ Zowie XL2411P - 24 Inch e-Sports Gaming Monitor (1ms Response Time, 144Hz Refresh Rate, FHD TN Panel, DVI, HDMI, DisplayPort)","BenQ Zowie XL2411P - 24 Inch e-Sports Gaming Monitor (1ms Response Time, 144Hz Refresh Rate, FHD TN Panel, DVI, HDMI, DisplayPort) @ XL2411P",pcpricetracker.in/gen/products/8b0fdea27744a0edd552454aefb2b942
159,monitor,"BenQ Zowie XL2546 - 25 Inch e-Sports Gaming Monitor (1ms Response Time, 240Hz Refresh Rate, FHD TN Panel, DVI, HDMI, DisplayPort)","BenQ Zowie XL2546 - 25 Inch e-Sports Gaming Monitor (1ms Response Time, 240Hz Refresh Rate, FHD TN Panel, DVI, HDMI, DisplayPort) @ XL2546",pcpricetracker.in/gen/products/7f1d4127444297f420dee83ca694700b
160,monitor,"BenQ Zowie XL2546K - 25 Inch Gaming Monitor (0.5ms Response Time, 240Hz Refresh Rate, FHD TN Panel, HDMI, DisplayPort)","BenQ Zowie XL2546K - 25 Inch Gaming Monitor (0.5ms Response Time, 240Hz Refresh Rate, FHD TN Panel, HDMI, DisplayPort) @ XL2546K",pcpricetracker.in/gen/products/c84975c821c9971e0848026930c32edb
161,monitor,"BenQ Zowie XL2720 - 27 Inch e-Sports Gaming Monitor (1ms Response Time, 144Hz Refresh Rate, FHD TN Panel, D-sub, DVI, HDMI, DisplayPort)","BenQ Zowie XL2720 - 27 Inch e-Sports Gaming Monitor (1ms Response Time, 144Hz Refresh Rate, FHD TN Panel, D-sub, DVI, HDMI, DisplayPort)",pcpricetracker.in/gen/products/c36e0014f38f2710a3a5dd330c0a1a7e
162,monitor,"BenQ Zowie XL2731 - 27 Inch e-Sports Gaming Monitor (1ms Response Time, 144Hz Refresh Rate, FHD TN Panel, DVI, HDMI, DisplayPort)","BenQ Zowie XL2731 - 27 Inch e-Sports Gaming Monitor (1ms Response Time, 144Hz Refresh Rate, FHD TN Panel, DVI, HDMI, DisplayPort)",pcpricetracker.in/gen/products/af40f432618e56a281eaa540483beb76
163,monitor,"BenQ ZOWIE XL2746S - 27 Inch e-Sports Gaming Monitor (AMD FreeSync, 0.5ms Response Time, 240Hz Refresh Rate, FHD TN Panel, DVI-DL, HDMI, DisplayPort, Speaker)","BenQ ZOWIE XL2746S - 27 Inch e-Sports Gaming Monitor (AMD FreeSync, 0.5ms Response Time, 240Hz Refresh Rate, FHD TN Panel, DVI-DL, HDMI, DisplayPort, Speaker) @ XL2746S",pcpricetracker.in/gen/products/675e81f51c6832d45cf0a5ab6adab05f
164,monitor,"Acer KG271 - 27 Inch Gaming Monitor (AMD FreeSync, 1ms Response Time, Frameless, FHD TN Panel, HDMI, VGA, Speakers)","Acer KG271 - 27 Inch Gaming Monitor (AMD FreeSync, 1ms Response Time, Frameless, FHD TN Panel, HDMI, VGA, Speakers)",pcpricetracker.in/gen/products/d515f6100a021b208d86bb5c41b5fa63
165,monitor,LG 22MN430M-B - 22 Inch Gaming Monitor (AMD ,"LG 22MN430M-B - 22 Inch Gaming Monitor (AMD FreeSync, 5ms Response Time, FHD IPS Panel, HDMI, D-Sub)",pcpricetracker.in/gen/products/b14bd81a3c08b7531735fd110ab8b9c6
166,monitor,"HP V19e - 19 Inch Monitor (5ms Response Time, HD TN Panel, HDMI, VGA)","HP V19e - 19 Inch Monitor (5ms Response Time, HD TN Panel, HDMI, VGA)",pcpricetracker.in/gen/products/c16395a33793dd3ddaf3820b51cd3a79
167,monitor,Dell UltraSharp U2412M 24 Inch Screen LED Monitor,Dell UltraSharp U2412M 24 Inch Screen LED Monitor,pcpricetracker.in/gen/products/c1845315c751000b9d7fd6f75e9f4756
168,monitor,"Acer ED273UR P - 27 Inch Curved Gaming Monitor (1800R Curved, AMD FreeSync, 4ms Response Time, 144Hz Refresh Rate, Frameless, Flicker Free, WQHD VA Panel, DVI, HDMI, DisplayPort)","Acer ED273UR P - 27 Inch Curved Gaming Monitor (1800R Curved, AMD FreeSync, 4ms Response Time, 144Hz Refresh Rate, Frameless, Flicker Free, WQHD VA Panel, DVI, HDMI, DisplayPort)",pcpricetracker.in/gen/products/ef7ecbb6f3f38d94527a2c2c2ec422d9
169,monitor,"Acer EK240Y - 24 Inch Monitor (5ms Response Time, FHD IPS Panel, HDMI, VGA)","Acer EK240Y - 24 Inch Monitor (5ms Response Time, FHD IPS Panel, HDMI, VGA)",pcpricetracker.in/gen/products/cb2a8cf3c058236be594b9e9ee21e01a
170,monitor,"Acer RT240Y - 24 Inch Monitor (4ms Response Time, Frameless, FHD IPS Panel, DVI, HDMI, D-sub, Speakers)","Acer RT240Y - 24 Inch Monitor (4ms Response Time, Frameless, FHD IPS Panel, DVI, HDMI, D-sub, Speakers)",pcpricetracker.in/gen/products/7c20295bf87c2316673ecfb181d9bf88
171,monitor,"Acer SA240Y - 24 Inch Monitor (4ms Response Time, Frameless, FHD IPS Panel, HDMI, VGA)","Acer SA240Y - 24 Inch Monitor (4ms Response Time, Frameless, FHD IPS Panel, HDMI, VGA)",pcpricetracker.in/gen/products/d08b50a040ef1bb2f9c0cec9ca764244
172,monitor,ViewSonic VX2476-smhd 24 inch frameless IPS Monitor,ViewSonic VX2476-smhd 24 inch frameless IPS Monitor @ VX2476-smhd,pcpricetracker.in/gen/products/6c302b30356a5981f5c6d7a948b529bc
173,monitor,ViewSonic VA2418-SH 24â€1080p IPS Monitor,ViewSonic VA2418-SH 24â€1080p IPS Monitor @ VA2418-SH,pcpricetracker.in/gen/products/c95f523bdba0d3899d4b0a1cbbaffb16
174,monitor,ViewSonic VA2718-SH 27â€ 1080p IPS Monitor,ViewSonic VA2718-SH 27â€ 1080p IPS Monitor @ VA2718-SH,pcpricetracker.in/gen/products/f4cf2a8de53185baf9ad7436363810b1
175,monitor,Viewsonic 24 inch VX2457-MHD Gaming TN Monitor,Viewsonic 24 inch VX2457-MHD Gaming TN Monitor @ VX2457-MHD,pcpricetracker.in/gen/products/36eff15c22469f7e0ebc5f5331fbb624
176,monitor,Viewsonic 27 inch VX2776-SMHD IPS Monitor,Viewsonic 27 inch VX2776-SMHD IPS Monitor @ VX2776-SMHD,pcpricetracker.in/gen/products/f5890b8c376b68cd092dd004c23afd40
177,monitor,Viewsonic 32 inch VX3276-2K-MHD IPS Monitor,Viewsonic 32 inch VX3276-2K-MHD IPS Monitor @ VX3276-2K-MHD,pcpricetracker.in/gen/products/59aa38bbe6217d657b8be4e152c033d2
178,monitor,Viewsonic 23.6 inch TD2421 Touch Monitor,Viewsonic 23.6 inch TD2421 Touch Monitor @ TD2421,pcpricetracker.in/gen/products/fefe2a7d7fd9bd8399dbc3238aa6a6af
179,monitor,"Msi Optix G24C4 - 24 Inch Curved Gaming Monitor (1500R Curved, AMD FreeSync, 1ms Response Time, 144Hz Refresh Rate, Frameless, Flicker Free, FHD IPS Panel, HDMI, DisplayPort)","Msi Optix G24C4 - 24 Inch Curved Gaming Monitor (1500R Curved, AMD FreeSync, 1ms Response Time, 144Hz Refresh Rate, Frameless, Flicker Free, FHD IPS Panel, HDMI, DisplayPort) @ OPTIX-G24C4",pcpricetracker.in/gen/products/884e106eaa29148c6095d17c0f3896fd
180,monitor,"Msi PRO MP241 - 24 Inch Professional Monitor (7ms Response Time, FHD IPS Panel, HDMI)","Msi PRO MP241 - 24 Inch Professional Monitor (7ms Response Time, FHD IPS Panel, HDMI) @ MP241",pcpricetracker.in/gen/products/bea11ad3205635de859c576f834f5f51
181,monitor,LG 27 Inch UltraFine 5K IPS Monitor with macOS Compatibility 27MD5KL-B,LG 27 Inch UltraFine 5K IPS Monitor with macOS Compatibility 27MD5KL-B @ 27MD5KL-B,pcpricetracker.in/gen/products/6c0f54ca89470d95215c8ddd5f265a20
182,monitor,"Acer ED273 - 27 Inch Curved Gaming Monitor (4ms Response Time, Frameless, FHD VA Panel, DVI, HDMI, VGA, Speakers)","Acer ED273 - 27 Inch Curved Gaming Monitor (4ms Response Time, Frameless, FHD VA Panel, DVI, HDMI, VGA, Speakers) @ ED273  UM-HE3SS-003",pcpricetracker.in/gen/products/24fa5350d9913a829318ac01d729dd8f
183,monitor,"Acer Nitro QG271 - 27 Inch Gaming Monitor (AMD FreeSync, 1ms Response Time, Frameless, FHD VA Panel, HDMI, VGA)","Acer Nitro QG271 - 27 Inch Gaming Monitor (AMD FreeSync, 1ms Response Time, Frameless, FHD VA Panel, HDMI, VGA) @ Nitro QG271 UM-HQ1SS-001",pcpricetracker.in/gen/products/1adce6bb0146f11f496e9637f7b29b0d
184,monitor,ACER NITRO VG240YS 165HZ IPS GAMING MONITOR,ACER NITRO VG240YS 165HZ IPS GAMING MONITOR @ UM.QV0EE.S01,pcpricetracker.in/gen/products/c44d0a32dd89bc8e685e1586d32b9606
185,monitor,LG 27GN950-B 27 Inch UHD IPS Gaming Monitor,LG 27GN950-B 27 Inch UHD IPS Gaming Monitor @ 27GN950-B,pcpricetracker.in/gen/products/d85b87342881db68c687a81ba31bd27c
186,monitor,"Acer B247Y Dbmiprczx - 24 Inch Gaming Monitor (Adaptive-Sync, 4ms Response Time, 75Hz Refresh Rate, Frameless, FHD IPS Panel, HDMI, VGA, DisplayPort, Speakers)","Acer B247Y Dbmiprczx - 24 Inch Gaming Monitor (Adaptive-Sync, 4ms Response Time, 75Hz Refresh Rate, Frameless, FHD IPS Panel, HDMI, VGA, DisplayPort, Speakers) @ B247Y",pcpricetracker.in/gen/products/3eac73d195a6420f4a3a29b3b270e458
187,monitor,"Acer Nitro XV270 Pbmiiprx - 27 Inch Gaming Monitor (AMD FreeSync, 2ms Response Time, 144Hz Refresh Rate, Frameless, FHD IPS Panel, DisplayPort, Speakers)","Acer Nitro XV270 Pbmiiprx - 27 Inch Gaming Monitor (AMD FreeSync, 2ms Response Time, 144Hz Refresh Rate, Frameless, FHD IPS Panel, DisplayPort, Speakers) @ Nitro",pcpricetracker.in/gen/products/eb46f61ccac0ba4f75a36ba2c49f79cf
188,monitor,LG 27UL850-W 27â€³ 16:9 4K FreeSync IPS Gaming Monitor,LG 27UL850-W 27â€³ 16:9 4K FreeSync IPS Gaming Monitor @ 27UL850-W,pcpricetracker.in/gen/products/9a057f1a206a869a590dd98f74110948
189,monitor,"HP 27F 4K - 27 Inch Gaming Monitor (AMD FreeSync, 5ms Response Time, Frameless, 4K UHD IPS Panel, HDMI, DisplayPort)","HP 27F 4K - 27 Inch Gaming Monitor (AMD FreeSync, 5ms Response Time, Frameless, 4K UHD IPS Panel, HDMI, DisplayPort)",pcpricetracker.in/gen/products/6a882721f21afe3eae803fbafb60f1d0
190,monitor,LG 32â€³ 16:9 QHD LCD Gaming Monitor 32GK650F-B,LG 32â€³ 16:9 QHD LCD Gaming Monitor 32GK650F-B @ 32GK650F-B,pcpricetracker.in/gen/products/4917dde1db5bd48359a7bb76272f5c5e
191,monitor,"ASUS TUF Gaming VG27AQ - 27 Inch Gaming Monitor (Adaptive-Sync, HDR, 1ms Response Time, 165Hz Refresh Rate, WQHD, IPS Panel, HDMI, DisplayPort, Speakers)","ASUS TUF Gaming VG27AQ - 27 Inch Gaming Monitor (Adaptive-Sync, HDR, 1ms Response Time, 165Hz Refresh Rate, WQHD, IPS Panel, HDMI, DisplayPort, Speakers) @ TUF",pcpricetracker.in/gen/products/5b464e47035679dcbf59e244e8cfce0d
192,monitor,"HP 22FW - 22 Inch Gaming Monitor (5ms Response Time, Frameless, FHD IPS Panel, HDMI, VGA)","HP 22FW - 22 Inch Gaming Monitor (5ms Response Time, Frameless, FHD IPS Panel, HDMI, VGA) @ 22FW",pcpricetracker.in/gen/products/337c33faf342b01051b5b5537eb89746
193,monitor,"HP 24M - 24 Inch Gaming Monitor (14ms Response Time, Frameless, FHD IPS Panel, HDMI, VGA)","HP 24M - 24 Inch Gaming Monitor (14ms Response Time, Frameless, FHD IPS Panel, HDMI, VGA) @ 24M",pcpricetracker.in/gen/products/1c1f0adb157c1e3a4fc099b42a6220de
194,monitor,"ViewSonic VA2256-H - 22 Inch Gaming Monitor (AMD FreesSync, 5ms Response Time, Frameless, Flicker-Free, FHD IPS Panel, VGA, HDMI)","ViewSonic VA2256-H - 22 Inch Gaming Monitor (AMD FreesSync, 5ms Response Time, Frameless, Flicker-Free, FHD IPS Panel, VGA, HDMI) @ VA2256-H",pcpricetracker.in/gen/products/f55010f319cd5b5f54e29186e57c15ab
195,monitor,GIGABYTE G27F 27 INCH GAMING MONITOR,GIGABYTE G27F 27 INCH GAMING MONITOR @ G27F,pcpricetracker.in/gen/products/1173432734c8c63d4ed5b678fbc6db35
196,monitor,GIGABYTE G27FC 27 INCH GAMING MONITOR,GIGABYTE G27FC 27 INCH GAMING MONITOR @ G27FC,pcpricetracker.in/gen/products/c7c7e10f8e3d6a3054cdffba9e71eeea
197,monitor,GIGABYTE M27F 27 INCH GAMING MONITOR,GIGABYTE M27F 27 INCH GAMING MONITOR @ M27F,pcpricetracker.in/gen/products/36e2e2efadef0356ad73fc127cb5154e
198,monitor,GIGABYTE G27Q 27 INCH GAMING MONITOR,GIGABYTE G27Q 27 INCH GAMING MONITOR @ G27Q,pcpricetracker.in/gen/products/167f0c02cc557a5e1341800168b33789
199,monitor,GIGABYTE M27Q 27 INCH GAMING MONITOR,GIGABYTE M27Q 27 INCH GAMING MONITOR @ M27Q,pcpricetracker.in/gen/products/a28768e7361ffbf77ec12e583871a3f1
200,monitor,"BenQ GL2780 - 27 Inch Eye-Care Monitor (1ms Response Time, FHD TN Panel, Flicker-free, VGA, HDMI, DisplayPort, DVI-D, Speakers)","BenQ GL2780 - 27 Inch Eye-Care Monitor (1ms Response Time, FHD TN Panel, Flicker-free, VGA, HDMI, DisplayPort, DVI-D, Speakers) @ GL2780",pcpricetracker.in/gen/products/d36676c83714d47ca5082400e9883658
201,monitor,"Samsung LS24F350FHWXXL - 24 Inch Gaming Monitor ( Amd Freesync, 4ms Response Time, FHD AH IPS Panel, D-Sub, HDMI)","Samsung LS24F350FHWXXL - 24 Inch Gaming Monitor ( Amd Freesync, 4ms Response Time, FHD AH IPS Panel, D-Sub, HDMI) @ LS24F350FHWXXL",pcpricetracker.in/gen/products/91eba54d5c77654fa72a68c7e81f702a
