company,name,model,link
LG,LG 18.5 INCH LED GAMING MONITOR (19M38AB),19M38AB,pcpricetracker.in/gen/products/9df171364c0207326c17c2e6c50cdaf1
LG,"LG 19M38HB - 19 Inch Monitor (5ms Response Time, HD TN Panel, HDMI, D-sub)",19M38HB,pcpricetracker.in/gen/products/2dfc4313723fedcf438aef7675726ec6
LG,"LG 20M39H - 20 Inch Monitor (5ms Response Time, HD TN Panel, HDMI, D-sub)",20M39H,pcpricetracker.in/gen/products/4f6d1c430918b5c1c1ca20dc3997add9
LG,"LG 22MK600M - 22 Inch Gaming Monitor (AMD FreeSync, 5ms Response Time, Frameless, FHD IPS Panel, HDMI, D-Sub)",22MK600M,pcpricetracker.in/gen/products/08d5b9dbb025960103535c3ec56ba73d
LG,"LG 22MP68VQ-P - 22 Inch Gaming Monitor (AMD FreeSync, 5ms Response Time, FHD IPS Panel, DVI, HDMI,  D-sub)",22MP68VQ,pcpricetracker.in/gen/products/bf76cfaae4109f1871251dacedbef24a
LG,LG 24inch 24BK750Y-B Full HD IPS Monitor Workstation Monitor,24BK750Y-B,pcpricetracker.in/gen/products/58183c0b743226fd09a4072bd999c19e
LG,"LG UltraGear 24GL600F-B - 24 Inch Gaming Monitor (AMD FreeSync, 1ms Responce Time, 144Hz Refresh Rate, FHD TN Panel, HDMI, Displayport)",24GL600F-B,pcpricetracker.in/gen/products/1b7d0597eea0cf69b69454597de550d3
LG,LG 24 inch Black FreeSync Gaming Monitor 24GM79G-B,24GM79G-B,pcpricetracker.in/gen/products/375f00ef75f9a068a11d90750661ddca
LG,"LG 24MK430H-B - 24 Inch Gaming Monitor (AMD FreeSync, 5ms Response Time, FHD IPS Panel, HDMI, D-Sub)",24MK430H-B,pcpricetracker.in/gen/products/20f7f33122c47bf48bda14ee0c037942
LG,"LG 24MK600M-W - 24 Inch Gaming Monitor (AMD FreeSync, 5ms Response Time, Frameless, FHD IPS Panel, HDMI, D-sub)",24MK600M,pcpricetracker.in/gen/products/147312ee719eca166121ebacfa75a447
LG,"LG 24MP59G - 24 Inch 99% sRGB Gaming Monitor (AMD FreeSync, 1ms Response Time, FHD IPS Panel, HDMI, D-sub, Display Port)",24MP59G,pcpricetracker.in/gen/products/74f3688fbd106aefce03c5f9542c1e7d
LG,"LG 24 inch Gaming Monitor - 1ms, 75Hz,Full HD, IPS Panel with VGA, HDMI, Display Port, Heaphone Ports - 24MP59G (Black)",24MP59G,pcpricetracker.in/gen/products/40c61fb6c46cd531024cac8a7ec70783
LG,LG 24â€³ Virtually Borderless IPS Monitor 24MP88HV,24MP88HV,pcpricetracker.in/gen/products/a9a9f76bebcfa26e30ad9a9f86d4b3bb
LG,"LG 24MP88HV-S - 24 Inch 99% sRGB Monitor (Frameless, FHD IPS Panel, HDMI, D-sub, Speakers)",24MP88HV,pcpricetracker.in/gen/products/a51cadc5dbae3280c3ddbcebbeb5ba60
LG,"LG 24UD58 - 24 Inch Gaming Monitor (AMD FreeSync, 5ms Response Time, 4K UHD IPS Panel, HDMI, DisplayPort)",24UD58,pcpricetracker.in/gen/products/7a90a678955bce1b4efe23252820f544
LG,LG 24UD58-B New-4K Monitor,24UD58-B,pcpricetracker.in/gen/products/65c0ffd2a35758178926b33b8021ab85
LG,"LG 25UM58 - 25 Inch 99% sRGB Gaming Monitor (5ms Response Time, Frameless, UW-FHD IPS Panel, HDMI)",25UM58,pcpricetracker.in/gen/products/df7cce455eae8717c07bc9a540042154
LG,"LG UltraGear 27GL650F-B - 27 Inch 99% sRGB Gaming Monitor (Adaptive-Sync, 1ms Responce Time, 144Hz Refresh Rate, FHD IPS Panel, HDMI, Displayport)",27GL650F-B,pcpricetracker.in/gen/products/deac2a2d9501fe866f61a2794326939c
LG,LG 27GL850 27 INCH ULTRAGEAR NANO IPS 1ms GAMING MONITOR,27GL850,pcpricetracker.in/gen/products/d169ff5055ea9d5d10960435c07f5a70
LG,"LG 27MK600M-W - 27 Inch Gaming Monitor (AMD FreeSync, 5ms Response Time, Frameless, FHD IPS Panel, HDMI)",27MK600M,pcpricetracker.in/gen/products/2786b652d3b22b893a1179a5adef7101
LG,LG 27UK650-W 27 inch 16:9 4K HDR FreeSync IPS Monitor,27UK650,pcpricetracker.in/gen/products/b24476d2d1a3a8dff3e1b9b785cae6a7
LG,LG 27â€³ 16:9 4K HDR FreeSync IPS Monitor 27UK850-W,27UK850,pcpricetracker.in/gen/products/e9518073e3092ff2f82920ddd2b48bb8
LG,LG 29UB67 29 inch UltraWide Full HD Business Monitor,29UB67,pcpricetracker.in/gen/products/caa118409f9993847945a91ecfd3a1bb
LG,"LG 29UB67-B - 29 INCH 99% sRGB Monitor (5ms Response Time, WFHD IPS Panel, HDMI, DVI-D, Display Port, Speakers)",29UB67-B,pcpricetracker.in/gen/products/a671e6959f4413a63ab0690bbd756cc7
LG,"LG 32MN58HM-P - 32 Inch Monitor (8ms Response Time, FHD IPS Panel, HDMI, D-sub, Speakers)",32MN58HM,pcpricetracker.in/gen/products/95245ebccdf4e417735a4296b3d468dc
LG,LG 32â€³ 16:9 4K UHD FreeSync LCD Monitor 32UD59-B,32UD59-B,pcpricetracker.in/gen/products/e5e35eaadbf9ea8798aea596d521ccd4
LG,LG 34UC98-W 34 inch Curved FreeSync IPS Monitor,34UC98,pcpricetracker.in/gen/products/61c9e3c0f44985c8710beda6aac91859
LG,LG 22MN430M-B - 22 Inch Gaming Monitor (AMD ,22MN430M-B,pcpricetracker.in/gen/products/b14bd81a3c08b7531735fd110ab8b9c6
LG,LG 27 Inch UltraFine 5K IPS Monitor with macOS Compatibility 27MD5KL-B,27MD5KL-B,pcpricetracker.in/gen/products/6c0f54ca89470d95215c8ddd5f265a20
LG,LG 27GN950-B 27 Inch UHD IPS Gaming Monitor,27GN950-B,pcpricetracker.in/gen/products/d85b87342881db68c687a81ba31bd27c
LG,LG 27UL850-W 27â€³ 16:9 4K FreeSync IPS Gaming Monitor,27UL850,pcpricetracker.in/gen/products/9a057f1a206a869a590dd98f74110948
LG,LG 32â€³ 16:9 QHD LCD Gaming Monitor 32GK650F-B,32GK650F-B,pcpricetracker.in/gen/products/4917dde1db5bd48359a7bb76272f5c5e
HP,"HP 24y - 24 Inch Monitor (8ms Response Time, FHD IPS Panel, DVI-D, HDMI, VGA)",HP 24y ,pcpricetracker.in/gen/products/ca7e515bddb2814bc9a9700eef62032c
HP,"HP 27Y - 27 Inch Monitor (5ms Response Time, FHD IPS Panel, DVI-D, HDMI, VGA)",HP 27Y ,pcpricetracker.in/gen/products/b90aaafb63fd231ee740925b7a5a1ad4
HP,"HP 22YH - 22 Inch Monitor (5ms Respose Time, FHD TN Panel, HDMI, VGA)",HP 22YH ,pcpricetracker.in/gen/products/1b8c4c44c6966591b7e9c779ab9a7914
HP,"HP 22F - 22 Inch Gaming Monitor (AMD FreeSync, 5Ms Response Time, Frameless, FHD IPS Panel, HDMI, VGA)",HP 22F ,pcpricetracker.in/gen/products/85514da01c00db2a6d1964e764419f6f
HP,"HP 24F - 24 Inch Gaming Monitor (AMD FreeSync, 5Ms Response Time, Frameless, FHD IPS Panel, HDMI, VGA)",HP 24F ,pcpricetracker.in/gen/products/25d9405c62dea20c04c019e2921c1ac8
HP,"HP 27F - 27 Inch Gaming Monitor (AMD FreeSync, 5ms Response Time, Frameless, FHD IPS Panel, HDMI, VGA)",HP 27F ,pcpricetracker.in/gen/products/aff008b0095621ad9f73b40687384dbd
HP,"HP 20KH - 20 Inch Monitor (5ms Response Time, HD+ TN Panel, HDMI, VGA)",HP 20KH ,pcpricetracker.in/gen/products/75762aca799e7d9fe2dfc3fb6cc418e4
HP,"HP 24fw - 24 Inch Gaming Monitor (AMD FreeSync, 7ms Response Time, Frameless, FHD IPS Panel, HDMI, VGA, Speakers)",HP 24fw ,pcpricetracker.in/gen/products/87759eedd618a592f8d326d95f280467
HP,"HP 27fw - 27 Inch Gaming Monitor (AMD FreeSync, 5ms Response Time, Frameless, FHD IPS Panel, HDMI, VGA, Speakers)",HP 27fw ,pcpricetracker.in/gen/products/1c3a6c1f1f6e003489d2eaf330cc2027
HP,"HP 19KA - 19 Inch Monitor (5ms Response Time, HD TN Panel, VGA)",HP 19KA ,pcpricetracker.in/gen/products/4e90c904b7eef8714265feac49c701b8
HP,"HP V19e - 19 Inch Monitor (5ms Response Time, HD TN Panel, HDMI, VGA)",HP V19e ,pcpricetracker.in/gen/products/c16395a33793dd3ddaf3820b51cd3a79
HP,"HP 27F 4K - 27 Inch Gaming Monitor (AMD FreeSync, 5ms Response Time, Frameless, 4K UHD IPS Panel, HDMI, DisplayPort)",HP 27F ,pcpricetracker.in/gen/products/6a882721f21afe3eae803fbafb60f1d0
HP,"HP 22FW - 22 Inch Gaming Monitor (5ms Response Time, Frameless, FHD IPS Panel, HDMI, VGA)",HP 22FW ,pcpricetracker.in/gen/products/337c33faf342b01051b5b5537eb89746
HP,"HP 24M - 24 Inch Gaming Monitor (14ms Response Time, Frameless, FHD IPS Panel, HDMI, VGA)",HP 24M ,pcpricetracker.in/gen/products/1c1f0adb157c1e3a4fc099b42a6220de
Samsung,SAMSUNG 23.6 INCH CURVED WITH 1800R FUll HD LED GAMING MONITOR (LC24F390FHWXXL),,"0      pcpricetracker.in/gen/products/9df171364c02073...
1      pcpricetracker.in/gen/products/2dfc4313723fedc...
2      pcpricetracker.in/gen/products/ca7e515bddb2814...
3      pcpricetracker.in/gen/products/4f6d1c430918b5c...
4      pcpricetracker.in/gen/products/08d5b9dbb025960...
                             ...                        
195    pcpricetracker.in/gen/products/36e2e2efadef035...
196    pcpricetracker.in/gen/products/167f0c02cc557a5...
197    pcpricetracker.in/gen/products/a28768e7361ffbf...
198    pcpricetracker.in/gen/products/d36676c83714d47...
199    pcpricetracker.in/gen/products/91eba54d5c77654...
Name: URL, Length: 200, dtype: object"
Samsung,"Samsung LC24F392FHWXXL - 24 Inch Curved Gaming Monitor (1800R Curved, AMD FreeSync, 4ms Response Time, FHD VA Panel, HDMI, D-sub)",,"0      pcpricetracker.in/gen/products/9df171364c02073...
1      pcpricetracker.in/gen/products/2dfc4313723fedc...
2      pcpricetracker.in/gen/products/ca7e515bddb2814...
3      pcpricetracker.in/gen/products/4f6d1c430918b5c...
4      pcpricetracker.in/gen/products/08d5b9dbb025960...
                             ...                        
195    pcpricetracker.in/gen/products/36e2e2efadef035...
196    pcpricetracker.in/gen/products/167f0c02cc557a5...
197    pcpricetracker.in/gen/products/a28768e7361ffbf...
198    pcpricetracker.in/gen/products/d36676c83714d47...
199    pcpricetracker.in/gen/products/91eba54d5c77654...
Name: URL, Length: 200, dtype: object"
Samsung,SAMSUNG LC24FG73FQWXXL 23.5â€³ INCH CURVED WITH 1800R FUll HD LED MONITOR,,"0      pcpricetracker.in/gen/products/9df171364c02073...
1      pcpricetracker.in/gen/products/2dfc4313723fedc...
2      pcpricetracker.in/gen/products/ca7e515bddb2814...
3      pcpricetracker.in/gen/products/4f6d1c430918b5c...
4      pcpricetracker.in/gen/products/08d5b9dbb025960...
                             ...                        
195    pcpricetracker.in/gen/products/36e2e2efadef035...
196    pcpricetracker.in/gen/products/167f0c02cc557a5...
197    pcpricetracker.in/gen/products/a28768e7361ffbf...
198    pcpricetracker.in/gen/products/d36676c83714d47...
199    pcpricetracker.in/gen/products/91eba54d5c77654...
Name: URL, Length: 200, dtype: object"
Samsung,SAMSUNG LC24RG50FQUWXXL 23.5â€³ INCH CURVED WITH 1800R FUll HD LED MONITOR,,"0      pcpricetracker.in/gen/products/9df171364c02073...
1      pcpricetracker.in/gen/products/2dfc4313723fedc...
2      pcpricetracker.in/gen/products/ca7e515bddb2814...
3      pcpricetracker.in/gen/products/4f6d1c430918b5c...
4      pcpricetracker.in/gen/products/08d5b9dbb025960...
                             ...                        
195    pcpricetracker.in/gen/products/36e2e2efadef035...
196    pcpricetracker.in/gen/products/167f0c02cc557a5...
197    pcpricetracker.in/gen/products/a28768e7361ffbf...
198    pcpricetracker.in/gen/products/d36676c83714d47...
199    pcpricetracker.in/gen/products/91eba54d5c77654...
Name: URL, Length: 200, dtype: object"
Samsung,"Samsung LC24RG50FQWXXL 24 Inch Curved Gaming Monitor (1800R Curved, AMD FreeSync, 4ms Response Time, 144Hz Refresh Rate, FHD VA Panel, DisplayPort, HDMI)",,"0      pcpricetracker.in/gen/products/9df171364c02073...
1      pcpricetracker.in/gen/products/2dfc4313723fedc...
2      pcpricetracker.in/gen/products/ca7e515bddb2814...
3      pcpricetracker.in/gen/products/4f6d1c430918b5c...
4      pcpricetracker.in/gen/products/08d5b9dbb025960...
                             ...                        
195    pcpricetracker.in/gen/products/36e2e2efadef035...
196    pcpricetracker.in/gen/products/167f0c02cc557a5...
197    pcpricetracker.in/gen/products/a28768e7361ffbf...
198    pcpricetracker.in/gen/products/d36676c83714d47...
199    pcpricetracker.in/gen/products/91eba54d5c77654...
Name: URL, Length: 200, dtype: object"
Samsung,SAMSUNG LC27F390FHWXXL 27 CURVED WITH 1800R FUll HD LED GAMING MONITOR,,"0      pcpricetracker.in/gen/products/9df171364c02073...
1      pcpricetracker.in/gen/products/2dfc4313723fedc...
2      pcpricetracker.in/gen/products/ca7e515bddb2814...
3      pcpricetracker.in/gen/products/4f6d1c430918b5c...
4      pcpricetracker.in/gen/products/08d5b9dbb025960...
                             ...                        
195    pcpricetracker.in/gen/products/36e2e2efadef035...
196    pcpricetracker.in/gen/products/167f0c02cc557a5...
197    pcpricetracker.in/gen/products/a28768e7361ffbf...
198    pcpricetracker.in/gen/products/d36676c83714d47...
199    pcpricetracker.in/gen/products/91eba54d5c77654...
Name: URL, Length: 200, dtype: object"
Samsung,SAMSUNG 27 INCH CURVED FULL HD 1800R LED MONITOR,,"0      pcpricetracker.in/gen/products/9df171364c02073...
1      pcpricetracker.in/gen/products/2dfc4313723fedc...
2      pcpricetracker.in/gen/products/ca7e515bddb2814...
3      pcpricetracker.in/gen/products/4f6d1c430918b5c...
4      pcpricetracker.in/gen/products/08d5b9dbb025960...
                             ...                        
195    pcpricetracker.in/gen/products/36e2e2efadef035...
196    pcpricetracker.in/gen/products/167f0c02cc557a5...
197    pcpricetracker.in/gen/products/a28768e7361ffbf...
198    pcpricetracker.in/gen/products/d36676c83714d47...
199    pcpricetracker.in/gen/products/91eba54d5c77654...
Name: URL, Length: 200, dtype: object"
Samsung,SAMSUNG LC27FG73FQWXXL 27â€³ INCH CURVED WITH 1800R FUll HD LED MONITOR,,"0      pcpricetracker.in/gen/products/9df171364c02073...
1      pcpricetracker.in/gen/products/2dfc4313723fedc...
2      pcpricetracker.in/gen/products/ca7e515bddb2814...
3      pcpricetracker.in/gen/products/4f6d1c430918b5c...
4      pcpricetracker.in/gen/products/08d5b9dbb025960...
                             ...                        
195    pcpricetracker.in/gen/products/36e2e2efadef035...
196    pcpricetracker.in/gen/products/167f0c02cc557a5...
197    pcpricetracker.in/gen/products/a28768e7361ffbf...
198    pcpricetracker.in/gen/products/d36676c83714d47...
199    pcpricetracker.in/gen/products/91eba54d5c77654...
Name: URL, Length: 200, dtype: object"
Samsung,"Samsung Odyssey G5 LC27G55TQWWXXL - 27 Inch Curved Gaming Monitor (1000R Curved, AMD FreeSync, 1ms Response Time, 144Hz Refresh Rate, Flicker Free, WQHD VA Panel, HDMI, Display Port)",,"0      pcpricetracker.in/gen/products/9df171364c02073...
1      pcpricetracker.in/gen/products/2dfc4313723fedc...
2      pcpricetracker.in/gen/products/ca7e515bddb2814...
3      pcpricetracker.in/gen/products/4f6d1c430918b5c...
4      pcpricetracker.in/gen/products/08d5b9dbb025960...
                             ...                        
195    pcpricetracker.in/gen/products/36e2e2efadef035...
196    pcpricetracker.in/gen/products/167f0c02cc557a5...
197    pcpricetracker.in/gen/products/a28768e7361ffbf...
198    pcpricetracker.in/gen/products/d36676c83714d47...
199    pcpricetracker.in/gen/products/91eba54d5c77654...
Name: URL, Length: 200, dtype: object"
Samsung,"Samsung LC27JG54QQWXXL - 27 Inch Curved Gaming Monitor (1800R Curved, AMD FreeSync, 4ms Response Time, 144Hz Refresh Rate, WQHD VA Panel, HDMI, Display Port)",,"0      pcpricetracker.in/gen/products/9df171364c02073...
1      pcpricetracker.in/gen/products/2dfc4313723fedc...
2      pcpricetracker.in/gen/products/ca7e515bddb2814...
3      pcpricetracker.in/gen/products/4f6d1c430918b5c...
4      pcpricetracker.in/gen/products/08d5b9dbb025960...
                             ...                        
195    pcpricetracker.in/gen/products/36e2e2efadef035...
196    pcpricetracker.in/gen/products/167f0c02cc557a5...
197    pcpricetracker.in/gen/products/a28768e7361ffbf...
198    pcpricetracker.in/gen/products/d36676c83714d47...
199    pcpricetracker.in/gen/products/91eba54d5c77654...
Name: URL, Length: 200, dtype: object"
Samsung,"Samsung LC27RG50FQWXXL - 27 Inch Curved Gaming Monitor (1500R Curved, Nvidia G-Sync, 4ms Response Time, 240Hz Refresh Rate, FHD VA Panel, HDMI, Display Port)",,"0      pcpricetracker.in/gen/products/9df171364c02073...
1      pcpricetracker.in/gen/products/2dfc4313723fedc...
2      pcpricetracker.in/gen/products/ca7e515bddb2814...
3      pcpricetracker.in/gen/products/4f6d1c430918b5c...
4      pcpricetracker.in/gen/products/08d5b9dbb025960...
                             ...                        
195    pcpricetracker.in/gen/products/36e2e2efadef035...
196    pcpricetracker.in/gen/products/167f0c02cc557a5...
197    pcpricetracker.in/gen/products/a28768e7361ffbf...
198    pcpricetracker.in/gen/products/d36676c83714d47...
199    pcpricetracker.in/gen/products/91eba54d5c77654...
Name: URL, Length: 200, dtype: object"
Samsung,Samsung LC27T550 27â€³ FHD Curved Monitor,,"0      pcpricetracker.in/gen/products/9df171364c02073...
1      pcpricetracker.in/gen/products/2dfc4313723fedc...
2      pcpricetracker.in/gen/products/ca7e515bddb2814...
3      pcpricetracker.in/gen/products/4f6d1c430918b5c...
4      pcpricetracker.in/gen/products/08d5b9dbb025960...
                             ...                        
195    pcpricetracker.in/gen/products/36e2e2efadef035...
196    pcpricetracker.in/gen/products/167f0c02cc557a5...
197    pcpricetracker.in/gen/products/a28768e7361ffbf...
198    pcpricetracker.in/gen/products/d36676c83714d47...
199    pcpricetracker.in/gen/products/91eba54d5c77654...
Name: URL, Length: 200, dtype: object"
Samsung,"Samsung LC27T550FDWXXL - 27 Inch Curved Gaming Monitor (1000R Curved, AMD FreeSync, 4ms Response Time, Flicker Free, FHD VA Panel, HDMI, Display Port, Speakers)",,"0      pcpricetracker.in/gen/products/9df171364c02073...
1      pcpricetracker.in/gen/products/2dfc4313723fedc...
2      pcpricetracker.in/gen/products/ca7e515bddb2814...
3      pcpricetracker.in/gen/products/4f6d1c430918b5c...
4      pcpricetracker.in/gen/products/08d5b9dbb025960...
                             ...                        
195    pcpricetracker.in/gen/products/36e2e2efadef035...
196    pcpricetracker.in/gen/products/167f0c02cc557a5...
197    pcpricetracker.in/gen/products/a28768e7361ffbf...
198    pcpricetracker.in/gen/products/d36676c83714d47...
199    pcpricetracker.in/gen/products/91eba54d5c77654...
Name: URL, Length: 200, dtype: object"
Samsung,"Samsung LC32F39MFUWXXL - 32 Inch Curved Monitor (1800R Curved, 4ms Response Time, FHD UHD VA Panel, HDMI, Speaker)",,"0      pcpricetracker.in/gen/products/9df171364c02073...
1      pcpricetracker.in/gen/products/2dfc4313723fedc...
2      pcpricetracker.in/gen/products/ca7e515bddb2814...
3      pcpricetracker.in/gen/products/4f6d1c430918b5c...
4      pcpricetracker.in/gen/products/08d5b9dbb025960...
                             ...                        
195    pcpricetracker.in/gen/products/36e2e2efadef035...
196    pcpricetracker.in/gen/products/167f0c02cc557a5...
197    pcpricetracker.in/gen/products/a28768e7361ffbf...
198    pcpricetracker.in/gen/products/d36676c83714d47...
199    pcpricetracker.in/gen/products/91eba54d5c77654...
Name: URL, Length: 200, dtype: object"
Samsung,Samsung 49inch Curved Gaming Monitor LC49RG90SSWXXL,,"0      pcpricetracker.in/gen/products/9df171364c02073...
1      pcpricetracker.in/gen/products/2dfc4313723fedc...
2      pcpricetracker.in/gen/products/ca7e515bddb2814...
3      pcpricetracker.in/gen/products/4f6d1c430918b5c...
4      pcpricetracker.in/gen/products/08d5b9dbb025960...
                             ...                        
195    pcpricetracker.in/gen/products/36e2e2efadef035...
196    pcpricetracker.in/gen/products/167f0c02cc557a5...
197    pcpricetracker.in/gen/products/a28768e7361ffbf...
198    pcpricetracker.in/gen/products/d36676c83714d47...
199    pcpricetracker.in/gen/products/91eba54d5c77654...
Name: URL, Length: 200, dtype: object"
Samsung,"Samsung LF22T350FHWXXL - 22 Inch Gaming Monitor (AMD FreeSync, 5ms Response Time, FHD IPS Panel, HDMI)",,"0      pcpricetracker.in/gen/products/9df171364c02073...
1      pcpricetracker.in/gen/products/2dfc4313723fedc...
2      pcpricetracker.in/gen/products/ca7e515bddb2814...
3      pcpricetracker.in/gen/products/4f6d1c430918b5c...
4      pcpricetracker.in/gen/products/08d5b9dbb025960...
                             ...                        
195    pcpricetracker.in/gen/products/36e2e2efadef035...
196    pcpricetracker.in/gen/products/167f0c02cc557a5...
197    pcpricetracker.in/gen/products/a28768e7361ffbf...
198    pcpricetracker.in/gen/products/d36676c83714d47...
199    pcpricetracker.in/gen/products/91eba54d5c77654...
Name: URL, Length: 200, dtype: object"
Samsung,"Samsung LF24T352FHWXXL - 24 Inch Gaming Monitor (AMD FreeSync, 5ms Response Time, Frameless, FHD IPS Panel, HDMI)",,"0      pcpricetracker.in/gen/products/9df171364c02073...
1      pcpricetracker.in/gen/products/2dfc4313723fedc...
2      pcpricetracker.in/gen/products/ca7e515bddb2814...
3      pcpricetracker.in/gen/products/4f6d1c430918b5c...
4      pcpricetracker.in/gen/products/08d5b9dbb025960...
                             ...                        
195    pcpricetracker.in/gen/products/36e2e2efadef035...
196    pcpricetracker.in/gen/products/167f0c02cc557a5...
197    pcpricetracker.in/gen/products/a28768e7361ffbf...
198    pcpricetracker.in/gen/products/d36676c83714d47...
199    pcpricetracker.in/gen/products/91eba54d5c77654...
Name: URL, Length: 200, dtype: object"
Samsung,"Samsung LS22F350FHWXXL 22 Inch 99% sRGB Gaming Monitor (AMD FreeSync, 5ms Response Time, 60Hz Refresh Rate, FHD TN Panel, HDMI, D-Sub)",,"0      pcpricetracker.in/gen/products/9df171364c02073...
1      pcpricetracker.in/gen/products/2dfc4313723fedc...
2      pcpricetracker.in/gen/products/ca7e515bddb2814...
3      pcpricetracker.in/gen/products/4f6d1c430918b5c...
4      pcpricetracker.in/gen/products/08d5b9dbb025960...
                             ...                        
195    pcpricetracker.in/gen/products/36e2e2efadef035...
196    pcpricetracker.in/gen/products/167f0c02cc557a5...
197    pcpricetracker.in/gen/products/a28768e7361ffbf...
198    pcpricetracker.in/gen/products/d36676c83714d47...
199    pcpricetracker.in/gen/products/91eba54d5c77654...
Name: URL, Length: 200, dtype: object"
Samsung,"Samsung LS22R350FHWXXL - 22 Inch Gaming Monitor (AMD FreeSync, 5ms Response Time, Frameless, FHD IPS Panel, HDMI, D-Sub)",,"0      pcpricetracker.in/gen/products/9df171364c02073...
1      pcpricetracker.in/gen/products/2dfc4313723fedc...
2      pcpricetracker.in/gen/products/ca7e515bddb2814...
3      pcpricetracker.in/gen/products/4f6d1c430918b5c...
4      pcpricetracker.in/gen/products/08d5b9dbb025960...
                             ...                        
195    pcpricetracker.in/gen/products/36e2e2efadef035...
196    pcpricetracker.in/gen/products/167f0c02cc557a5...
197    pcpricetracker.in/gen/products/a28768e7361ffbf...
198    pcpricetracker.in/gen/products/d36676c83714d47...
199    pcpricetracker.in/gen/products/91eba54d5c77654...
Name: URL, Length: 200, dtype: object"
Samsung,SAMSUNG LS24D300HS/XL 24 INCH LED GAMING MONITOR,,"0      pcpricetracker.in/gen/products/9df171364c02073...
1      pcpricetracker.in/gen/products/2dfc4313723fedc...
2      pcpricetracker.in/gen/products/ca7e515bddb2814...
3      pcpricetracker.in/gen/products/4f6d1c430918b5c...
4      pcpricetracker.in/gen/products/08d5b9dbb025960...
                             ...                        
195    pcpricetracker.in/gen/products/36e2e2efadef035...
196    pcpricetracker.in/gen/products/167f0c02cc557a5...
197    pcpricetracker.in/gen/products/a28768e7361ffbf...
198    pcpricetracker.in/gen/products/d36676c83714d47...
199    pcpricetracker.in/gen/products/91eba54d5c77654...
Name: URL, Length: 200, dtype: object"
Samsung,"Samsung LS24R350FHWXXL - 24 Inch Gaming Monitor (AMD FreeSync, 5ms Response Time, FHD IPS Panel, HDMI, D-Sub)",,"0      pcpricetracker.in/gen/products/9df171364c02073...
1      pcpricetracker.in/gen/products/2dfc4313723fedc...
2      pcpricetracker.in/gen/products/ca7e515bddb2814...
3      pcpricetracker.in/gen/products/4f6d1c430918b5c...
4      pcpricetracker.in/gen/products/08d5b9dbb025960...
                             ...                        
195    pcpricetracker.in/gen/products/36e2e2efadef035...
196    pcpricetracker.in/gen/products/167f0c02cc557a5...
197    pcpricetracker.in/gen/products/a28768e7361ffbf...
198    pcpricetracker.in/gen/products/d36676c83714d47...
199    pcpricetracker.in/gen/products/91eba54d5c77654...
Name: URL, Length: 200, dtype: object"
Samsung,SAMSUNG 23.5 INCH LED WITH AH IPS GAMING MONITOR (LS27F350FHWXXL),,"0      pcpricetracker.in/gen/products/9df171364c02073...
1      pcpricetracker.in/gen/products/2dfc4313723fedc...
2      pcpricetracker.in/gen/products/ca7e515bddb2814...
3      pcpricetracker.in/gen/products/4f6d1c430918b5c...
4      pcpricetracker.in/gen/products/08d5b9dbb025960...
                             ...                        
195    pcpricetracker.in/gen/products/36e2e2efadef035...
196    pcpricetracker.in/gen/products/167f0c02cc557a5...
197    pcpricetracker.in/gen/products/a28768e7361ffbf...
198    pcpricetracker.in/gen/products/d36676c83714d47...
199    pcpricetracker.in/gen/products/91eba54d5c77654...
Name: URL, Length: 200, dtype: object"
Samsung,SAMSUNG LU28E590DS/XL 28 INCH UHD LED GAMING MONITOR,,"0      pcpricetracker.in/gen/products/9df171364c02073...
1      pcpricetracker.in/gen/products/2dfc4313723fedc...
2      pcpricetracker.in/gen/products/ca7e515bddb2814...
3      pcpricetracker.in/gen/products/4f6d1c430918b5c...
4      pcpricetracker.in/gen/products/08d5b9dbb025960...
                             ...                        
195    pcpricetracker.in/gen/products/36e2e2efadef035...
196    pcpricetracker.in/gen/products/167f0c02cc557a5...
197    pcpricetracker.in/gen/products/a28768e7361ffbf...
198    pcpricetracker.in/gen/products/d36676c83714d47...
199    pcpricetracker.in/gen/products/91eba54d5c77654...
Name: URL, Length: 200, dtype: object"
Samsung,"Samsung LU32J590UQWXXL - 32 Inch Business Monitor (Amd Freesync, 4ms Response Time, 4K UHD VA Panel, DisplayPort, HDMI)",,"0      pcpricetracker.in/gen/products/9df171364c02073...
1      pcpricetracker.in/gen/products/2dfc4313723fedc...
2      pcpricetracker.in/gen/products/ca7e515bddb2814...
3      pcpricetracker.in/gen/products/4f6d1c430918b5c...
4      pcpricetracker.in/gen/products/08d5b9dbb025960...
                             ...                        
195    pcpricetracker.in/gen/products/36e2e2efadef035...
196    pcpricetracker.in/gen/products/167f0c02cc557a5...
197    pcpricetracker.in/gen/products/a28768e7361ffbf...
198    pcpricetracker.in/gen/products/d36676c83714d47...
199    pcpricetracker.in/gen/products/91eba54d5c77654...
Name: URL, Length: 200, dtype: object"
Samsung,"Samsung LS24F350FHWXXL - 24 Inch Gaming Monitor ( Amd Freesync, 4ms Response Time, FHD AH IPS Panel, D-Sub, HDMI)",,"0      pcpricetracker.in/gen/products/9df171364c02073...
1      pcpricetracker.in/gen/products/2dfc4313723fedc...
2      pcpricetracker.in/gen/products/ca7e515bddb2814...
3      pcpricetracker.in/gen/products/4f6d1c430918b5c...
4      pcpricetracker.in/gen/products/08d5b9dbb025960...
                             ...                        
195    pcpricetracker.in/gen/products/36e2e2efadef035...
196    pcpricetracker.in/gen/products/167f0c02cc557a5...
197    pcpricetracker.in/gen/products/a28768e7361ffbf...
198    pcpricetracker.in/gen/products/d36676c83714d47...
199    pcpricetracker.in/gen/products/91eba54d5c77654...
Name: URL, Length: 200, dtype: object"
Acer,"Acer Aopen 27HC1R - 27 Inch Curved Gaming Monitor (1800R Curved, AMD FreeSync, 4ms Response Time, 144Hz Refresh Rate, Frameless, FHD VA Panel, DVI, HDMI, DisplayPort)",,"0      pcpricetracker.in/gen/products/9df171364c02073...
1      pcpricetracker.in/gen/products/2dfc4313723fedc...
2      pcpricetracker.in/gen/products/ca7e515bddb2814...
3      pcpricetracker.in/gen/products/4f6d1c430918b5c...
4      pcpricetracker.in/gen/products/08d5b9dbb025960...
                             ...                        
195    pcpricetracker.in/gen/products/36e2e2efadef035...
196    pcpricetracker.in/gen/products/167f0c02cc557a5...
197    pcpricetracker.in/gen/products/a28768e7361ffbf...
198    pcpricetracker.in/gen/products/d36676c83714d47...
199    pcpricetracker.in/gen/products/91eba54d5c77654...
Name: URL, Length: 200, dtype: object"
Acer,"Acer CB271HK - 27 Inch 100% sRGB Gaming Monitor (4ms Response Time, 4K UHD IPS Panel, HDMI, DVI, DisplayPort)",Acer CB271HK ,pcpricetracker.in/gen/products/d842265c828b52d314af875ec8c677fe
Acer,"Acer EB321HQ - 32 Inch Monitor (4ms Response Time, FHD IPS Panel, HDMI, VGA)",Acer EB321HQ ,pcpricetracker.in/gen/products/c8fc4732066c8b8513ff92f19553a27f
Acer,"Acer ED322Q 32 Inch Curved Gaming Monitor (4ms Response Time, Frameless, FHD VA Panel, DVI, HDMI, VGA, Speaker)",Acer ED322Q ,pcpricetracker.in/gen/products/bc7aa3469b1769a5b29eacfad935f5ef
Acer,"Acer ET221Q - 22 Inch Monitor (4ms Response Time, Frameless, FHD IPS Panel, VGA)",Acer ET221Q ,pcpricetracker.in/gen/products/4b30548d98c8a4c9b0eb415e413044ca
Acer,"Acer ET271 - 27 Inch Monitor (4ms Response Time, Frameless, FHD PLS Panel, HDMI, VGA, Speakers)",Acer ET271 ,pcpricetracker.in/gen/products/f5e00d2fc56406a3db083bac0c68815f
Acer,"Acer ET322QK 32 Inch Gaming Monitor (AMD FreeSync, 4ms Response Time, Frameless, 4K UHD VA Panel, HDMI, DisplayPort, Speakers)",Acer ET322QK ,pcpricetracker.in/gen/products/c9e882fbdb20de90c9f142967915b7df
Acer,"Acer GN246HL 24 Inch 3D Gaming Monitor (1ms Response Time, 144Hz Refresh Rate, FHD TN Panel, DVI, HDMI, VGA)",Acer GN246HL ,pcpricetracker.in/gen/products/97a5ae3f2f78a69dd1ffe9a06841be4a
Acer,"Acer K222HQL - 22 Inch Monitor (5ms Response Time, FHD TN Panel, VGA, Speaker)",Acer K222HQL ,pcpricetracker.in/gen/products/46fe8899e5a5f9e62f29a992b2e54337
Acer,"ACER KA220HQ 22 Inch Monitor (5ms Response Time, FHD TN Panel, DVI, VGA)",ACER KA220HQ ,pcpricetracker.in/gen/products/509aa55e946d46326108866cadab046e
Acer,"Acer KA240H 24 Inch Monitor (5ms Response Time, FHD TN Panel, HDMI, D-sub)",Acer KA240H ,pcpricetracker.in/gen/products/5de0396408cd953a65924db91499997d
Acer,Acer 24 Inch KG241QS AMD FreeSync 0.5ms Response Time 165Hz Refresh Rate Gaming Monitor,,"0      pcpricetracker.in/gen/products/9df171364c02073...
1      pcpricetracker.in/gen/products/2dfc4313723fedc...
2      pcpricetracker.in/gen/products/ca7e515bddb2814...
3      pcpricetracker.in/gen/products/4f6d1c430918b5c...
4      pcpricetracker.in/gen/products/08d5b9dbb025960...
                             ...                        
195    pcpricetracker.in/gen/products/36e2e2efadef035...
196    pcpricetracker.in/gen/products/167f0c02cc557a5...
197    pcpricetracker.in/gen/products/a28768e7361ffbf...
198    pcpricetracker.in/gen/products/d36676c83714d47...
199    pcpricetracker.in/gen/products/91eba54d5c77654...
Name: URL, Length: 200, dtype: object"
Acer,"Acer KG271 - 27 Inch Gaming Monitor (AMD FreeSync, 1ms Response Time, 240Hz Refresh Rate, Frameless, FHD TN Panel, HDMI, DisplayPort, Speakers)",Acer KG271 ,pcpricetracker.in/gen/products/c412b32fa9a06951aa4df0424f82a1f3
Acer,"Acer KG271C - 27 Inch Gaming Monitor (AMD FreeSync, 1ms Response Time, 144Hz Refresh Rate, Frameless, FHD TN Panel, HDMI, DVI, DisplayPort, Speakers)",Acer KG271C ,pcpricetracker.in/gen/products/9354d509a622af94cc5be3a17e57914f
Acer,"ACER KG281K â€“ 28 Inch Gaming Monitor (Amd Freesync, 1ms Response Time, 4K UHD TN Panel, HDMI, Speakers)",ACER KG281K ,pcpricetracker.in/gen/products/043fa6cc3aff5ddbc4c2487bfb266864
Acer,"Acer Nitro QG221Q 22 Inch Gaming Monitor (AMD FreeSync, 1ms Response Time, Frameless, FHD VA Panel, HDMI, VGA)",Acer Nitro QG221Q ,pcpricetracker.in/gen/products/7079693ebb99a856c4fdc84746361edc
Acer,"Acer S271HL H - 27 Inch Monitor (1ms Response Time, FHD TN Panel, HDMI, VGA)",Acer S271HL ,pcpricetracker.in/gen/products/a744c2812f128af2b32dcc3ebf369969
Acer,Acer NITRO VG0 VG270 27 Inch,Acer NITRO VG0 ,pcpricetracker.in/gen/products/246425e3e435b6dc5feef73d0d93c884
Acer,Acer KG1 27 inch 144 Hz Gaming Monitor KG271C UM.HX1SI.C01,Acer KG1 ,pcpricetracker.in/gen/products/cc8c4245b6cb69fb24e0e73608db9085
Acer,"Acer ED242QR 24 Inch Curved Gaming Monitor (1800R Curved, AMD FreeSync, 4ms Response Time, Frameless, FHD VA Panel, HDMI, VGA)",Acer ED242QR ,pcpricetracker.in/gen/products/0d8eeea5fb622db90a802fa9ac387a83
Acer,Acer Nitro VG240P 144Hz Full HD IPS Gaming Monitor,Acer Nitro VG240P ,pcpricetracker.in/gen/products/95d02a14772cb443b19d08db482f1a48
Acer,"Acer VG240Y - 24 Inch Gaming Monitor (AMD FreeSync, 1ms Response Time, Frameless, FHD IPS Panel, HDMI, VGA, Speakers)",Acer VG240Y ,pcpricetracker.in/gen/products/51aa8e3428bd138f1b08d39a5f7310cb
Acer,ACER NITRO VG 24 INCH FULL HD VG240YPBIIP GAMING MONITOR,,"0      pcpricetracker.in/gen/products/9df171364c02073...
1      pcpricetracker.in/gen/products/2dfc4313723fedc...
2      pcpricetracker.in/gen/products/ca7e515bddb2814...
3      pcpricetracker.in/gen/products/4f6d1c430918b5c...
4      pcpricetracker.in/gen/products/08d5b9dbb025960...
                             ...                        
195    pcpricetracker.in/gen/products/36e2e2efadef035...
196    pcpricetracker.in/gen/products/167f0c02cc557a5...
197    pcpricetracker.in/gen/products/a28768e7361ffbf...
198    pcpricetracker.in/gen/products/d36676c83714d47...
199    pcpricetracker.in/gen/products/91eba54d5c77654...
Name: URL, Length: 200, dtype: object"
Acer,Acer Nitro VG270P IPS 27 inch 144Hz Free Sync Gaming Monitor,Acer Nitro VG270P ,pcpricetracker.in/gen/products/f781f43128b97aa142bad2f2d57c84c2
Acer,Acer VG271U 27 Inch 100% sRGB Gaming Monitor (AMD FreeSync/1ms Response Time/144Hz Refresh Rate/2K WQHD IPS Panel),Acer VG271U ,pcpricetracker.in/gen/products/cb5854dfee0e0e1fb67bb5f42dff8647
Acer,"Acer Predator XB271HU - 27 Inch Gaming Monitor (Nvidia G-Sync, 4Ms Response Time, 144Hz Refresh Rate, 2K WQHD IPS Panel, HDMI, DisplayPort, Speakers)",,"0      pcpricetracker.in/gen/products/9df171364c02073...
1      pcpricetracker.in/gen/products/2dfc4313723fedc...
2      pcpricetracker.in/gen/products/ca7e515bddb2814...
3      pcpricetracker.in/gen/products/4f6d1c430918b5c...
4      pcpricetracker.in/gen/products/08d5b9dbb025960...
                             ...                        
195    pcpricetracker.in/gen/products/36e2e2efadef035...
196    pcpricetracker.in/gen/products/167f0c02cc557a5...
197    pcpricetracker.in/gen/products/a28768e7361ffbf...
198    pcpricetracker.in/gen/products/d36676c83714d47...
199    pcpricetracker.in/gen/products/91eba54d5c77654...
Name: URL, Length: 200, dtype: object"
Acer,"Acer KG271 - 27 Inch Gaming Monitor (AMD FreeSync, 1ms Response Time, Frameless, FHD TN Panel, HDMI, VGA, Speakers)",Acer KG271 ,pcpricetracker.in/gen/products/d515f6100a021b208d86bb5c41b5fa63
Acer,"Acer ED273UR P - 27 Inch Curved Gaming Monitor (1800R Curved, AMD FreeSync, 4ms Response Time, 144Hz Refresh Rate, Frameless, Flicker Free, WQHD VA Panel, DVI, HDMI, DisplayPort)",Acer ED273UR ,pcpricetracker.in/gen/products/ef7ecbb6f3f38d94527a2c2c2ec422d9
Acer,"Acer EK240Y - 24 Inch Monitor (5ms Response Time, FHD IPS Panel, HDMI, VGA)",Acer EK240Y ,pcpricetracker.in/gen/products/cb2a8cf3c058236be594b9e9ee21e01a
Acer,"Acer RT240Y - 24 Inch Monitor (4ms Response Time, Frameless, FHD IPS Panel, DVI, HDMI, D-sub, Speakers)",Acer RT240Y ,pcpricetracker.in/gen/products/7c20295bf87c2316673ecfb181d9bf88
Acer,"Acer SA240Y - 24 Inch Monitor (4ms Response Time, Frameless, FHD IPS Panel, HDMI, VGA)",Acer SA240Y ,pcpricetracker.in/gen/products/d08b50a040ef1bb2f9c0cec9ca764244
Acer,"Acer ED273 - 27 Inch Curved Gaming Monitor (4ms Response Time, Frameless, FHD VA Panel, DVI, HDMI, VGA, Speakers)",Acer ED273 ,pcpricetracker.in/gen/products/24fa5350d9913a829318ac01d729dd8f
Acer,"Acer Nitro QG271 - 27 Inch Gaming Monitor (AMD FreeSync, 1ms Response Time, Frameless, FHD VA Panel, HDMI, VGA)",Acer Nitro QG271 ,pcpricetracker.in/gen/products/1adce6bb0146f11f496e9637f7b29b0d
Acer,ACER NITRO VG240YS 165HZ IPS GAMING MONITOR,ACER NITRO VG240YS ,pcpricetracker.in/gen/products/c44d0a32dd89bc8e685e1586d32b9606
Acer,"Acer B247Y Dbmiprczx - 24 Inch Gaming Monitor (Adaptive-Sync, 4ms Response Time, 75Hz Refresh Rate, Frameless, FHD IPS Panel, HDMI, VGA, DisplayPort, Speakers)",Acer B247Y ,pcpricetracker.in/gen/products/3eac73d195a6420f4a3a29b3b270e458
Acer,"Acer Nitro XV270 Pbmiiprx - 27 Inch Gaming Monitor (AMD FreeSync, 2ms Response Time, 144Hz Refresh Rate, Frameless, FHD IPS Panel, DisplayPort, Speakers)",Acer Nitro XV270 ,pcpricetracker.in/gen/products/eb46f61ccac0ba4f75a36ba2c49f79cf
Dell,"Dell D1918H - 19 Inch Monitor (5ms Responce Time, HD TN Panel, HDMI, VGA)",,"0      pcpricetracker.in/gen/products/9df171364c02073...
1      pcpricetracker.in/gen/products/2dfc4313723fedc...
2      pcpricetracker.in/gen/products/ca7e515bddb2814...
3      pcpricetracker.in/gen/products/4f6d1c430918b5c...
4      pcpricetracker.in/gen/products/08d5b9dbb025960...
                             ...                        
195    pcpricetracker.in/gen/products/36e2e2efadef035...
196    pcpricetracker.in/gen/products/167f0c02cc557a5...
197    pcpricetracker.in/gen/products/a28768e7361ffbf...
198    pcpricetracker.in/gen/products/d36676c83714d47...
199    pcpricetracker.in/gen/products/91eba54d5c77654...
Name: URL, Length: 200, dtype: object"
Dell,Dell E1715S 17â€³ LED Backlit 5:4 LCD Monitor,,"0      pcpricetracker.in/gen/products/9df171364c02073...
1      pcpricetracker.in/gen/products/2dfc4313723fedc...
2      pcpricetracker.in/gen/products/ca7e515bddb2814...
3      pcpricetracker.in/gen/products/4f6d1c430918b5c...
4      pcpricetracker.in/gen/products/08d5b9dbb025960...
                             ...                        
195    pcpricetracker.in/gen/products/36e2e2efadef035...
196    pcpricetracker.in/gen/products/167f0c02cc557a5...
197    pcpricetracker.in/gen/products/a28768e7361ffbf...
198    pcpricetracker.in/gen/products/d36676c83714d47...
199    pcpricetracker.in/gen/products/91eba54d5c77654...
Name: URL, Length: 200, dtype: object"
Dell,DELL E2016HV 20 INCH LCD GAMING MONITOR,AMING ,pcpricetracker.in/gen/products/416abe450e581653590570f405b86ee8
Dell,"Dell E2216HV - 22 Inch Monitor (5ms Response Time, FHD TN Panel, VGA)",,"0      pcpricetracker.in/gen/products/9df171364c02073...
1      pcpricetracker.in/gen/products/2dfc4313723fedc...
2      pcpricetracker.in/gen/products/ca7e515bddb2814...
3      pcpricetracker.in/gen/products/4f6d1c430918b5c...
4      pcpricetracker.in/gen/products/08d5b9dbb025960...
                             ...                        
195    pcpricetracker.in/gen/products/36e2e2efadef035...
196    pcpricetracker.in/gen/products/167f0c02cc557a5...
197    pcpricetracker.in/gen/products/a28768e7361ffbf...
198    pcpricetracker.in/gen/products/d36676c83714d47...
199    pcpricetracker.in/gen/products/91eba54d5c77654...
Name: URL, Length: 200, dtype: object"
Dell,"Dell E2218HN - 22 Inch Monitor (5ms Response Time, FHD TN Panel, HDMI, VGA)",,"0      pcpricetracker.in/gen/products/9df171364c02073...
1      pcpricetracker.in/gen/products/2dfc4313723fedc...
2      pcpricetracker.in/gen/products/ca7e515bddb2814...
3      pcpricetracker.in/gen/products/4f6d1c430918b5c...
4      pcpricetracker.in/gen/products/08d5b9dbb025960...
                             ...                        
195    pcpricetracker.in/gen/products/36e2e2efadef035...
196    pcpricetracker.in/gen/products/167f0c02cc557a5...
197    pcpricetracker.in/gen/products/a28768e7361ffbf...
198    pcpricetracker.in/gen/products/d36676c83714d47...
199    pcpricetracker.in/gen/products/91eba54d5c77654...
Name: URL, Length: 200, dtype: object"
Dell,Dell E2218HN 22 Inch 5ms Response Time FHD TN Panel Monitor,,"0      pcpricetracker.in/gen/products/9df171364c02073...
1      pcpricetracker.in/gen/products/2dfc4313723fedc...
2      pcpricetracker.in/gen/products/ca7e515bddb2814...
3      pcpricetracker.in/gen/products/4f6d1c430918b5c...
4      pcpricetracker.in/gen/products/08d5b9dbb025960...
                             ...                        
195    pcpricetracker.in/gen/products/36e2e2efadef035...
196    pcpricetracker.in/gen/products/167f0c02cc557a5...
197    pcpricetracker.in/gen/products/a28768e7361ffbf...
198    pcpricetracker.in/gen/products/d36676c83714d47...
199    pcpricetracker.in/gen/products/91eba54d5c77654...
Name: URL, Length: 200, dtype: object"
Dell,"Dell E2219HN - 22 Inch Monitor (14ms Response Time, FHD IPS Panel, HDMI, VGA)",,"0      pcpricetracker.in/gen/products/9df171364c02073...
1      pcpricetracker.in/gen/products/2dfc4313723fedc...
2      pcpricetracker.in/gen/products/ca7e515bddb2814...
3      pcpricetracker.in/gen/products/4f6d1c430918b5c...
4      pcpricetracker.in/gen/products/08d5b9dbb025960...
                             ...                        
195    pcpricetracker.in/gen/products/36e2e2efadef035...
196    pcpricetracker.in/gen/products/167f0c02cc557a5...
197    pcpricetracker.in/gen/products/a28768e7361ffbf...
198    pcpricetracker.in/gen/products/d36676c83714d47...
199    pcpricetracker.in/gen/products/91eba54d5c77654...
Name: URL, Length: 200, dtype: object"
Dell,Dell P2419HC 23.8â€³ 16:9 Ultrathin Bezel IPS Monitor,,"0      pcpricetracker.in/gen/products/9df171364c02073...
1      pcpricetracker.in/gen/products/2dfc4313723fedc...
2      pcpricetracker.in/gen/products/ca7e515bddb2814...
3      pcpricetracker.in/gen/products/4f6d1c430918b5c...
4      pcpricetracker.in/gen/products/08d5b9dbb025960...
                             ...                        
195    pcpricetracker.in/gen/products/36e2e2efadef035...
196    pcpricetracker.in/gen/products/167f0c02cc557a5...
197    pcpricetracker.in/gen/products/a28768e7361ffbf...
198    pcpricetracker.in/gen/products/d36676c83714d47...
199    pcpricetracker.in/gen/products/91eba54d5c77654...
Name: URL, Length: 200, dtype: object"
Dell,"Dell SE2219HX - 22 Inch Monitor (8ms Response Time, Frameless, FHD IPS Panel, HDMI, VGA)",,"0      pcpricetracker.in/gen/products/9df171364c02073...
1      pcpricetracker.in/gen/products/2dfc4313723fedc...
2      pcpricetracker.in/gen/products/ca7e515bddb2814...
3      pcpricetracker.in/gen/products/4f6d1c430918b5c...
4      pcpricetracker.in/gen/products/08d5b9dbb025960...
                             ...                        
195    pcpricetracker.in/gen/products/36e2e2efadef035...
196    pcpricetracker.in/gen/products/167f0c02cc557a5...
197    pcpricetracker.in/gen/products/a28768e7361ffbf...
198    pcpricetracker.in/gen/products/d36676c83714d47...
199    pcpricetracker.in/gen/products/91eba54d5c77654...
Name: URL, Length: 200, dtype: object"
Dell,Dell SE2419H 24 inch FHD IPS Monitor For Work And Entertainment,,"0      pcpricetracker.in/gen/products/9df171364c02073...
1      pcpricetracker.in/gen/products/2dfc4313723fedc...
2      pcpricetracker.in/gen/products/ca7e515bddb2814...
3      pcpricetracker.in/gen/products/4f6d1c430918b5c...
4      pcpricetracker.in/gen/products/08d5b9dbb025960...
                             ...                        
195    pcpricetracker.in/gen/products/36e2e2efadef035...
196    pcpricetracker.in/gen/products/167f0c02cc557a5...
197    pcpricetracker.in/gen/products/a28768e7361ffbf...
198    pcpricetracker.in/gen/products/d36676c83714d47...
199    pcpricetracker.in/gen/products/91eba54d5c77654...
Name: URL, Length: 200, dtype: object"
Dell,"Dell SE2719H - 27 Inch Monitor (5ms Response Time, Frameless, FHD IPS Panel, HDMI, VGA)",,"0      pcpricetracker.in/gen/products/9df171364c02073...
1      pcpricetracker.in/gen/products/2dfc4313723fedc...
2      pcpricetracker.in/gen/products/ca7e515bddb2814...
3      pcpricetracker.in/gen/products/4f6d1c430918b5c...
4      pcpricetracker.in/gen/products/08d5b9dbb025960...
                             ...                        
195    pcpricetracker.in/gen/products/36e2e2efadef035...
196    pcpricetracker.in/gen/products/167f0c02cc557a5...
197    pcpricetracker.in/gen/products/a28768e7361ffbf...
198    pcpricetracker.in/gen/products/d36676c83714d47...
199    pcpricetracker.in/gen/products/91eba54d5c77654...
Name: URL, Length: 200, dtype: object"
Dell,Dell U2415 Black 24.1 inch 6ms (GTG) Dual HDMI Widescreen LCD Monitor,,"0      pcpricetracker.in/gen/products/9df171364c02073...
1      pcpricetracker.in/gen/products/2dfc4313723fedc...
2      pcpricetracker.in/gen/products/ca7e515bddb2814...
3      pcpricetracker.in/gen/products/4f6d1c430918b5c...
4      pcpricetracker.in/gen/products/08d5b9dbb025960...
                             ...                        
195    pcpricetracker.in/gen/products/36e2e2efadef035...
196    pcpricetracker.in/gen/products/167f0c02cc557a5...
197    pcpricetracker.in/gen/products/a28768e7361ffbf...
198    pcpricetracker.in/gen/products/d36676c83714d47...
199    pcpricetracker.in/gen/products/91eba54d5c77654...
Name: URL, Length: 200, dtype: object"
Dell,"DELL U2419H 24 INCH 99% SRGB MONITOR (5MS RESPONSE TIME, FRAMELESS, FHD IPS PANEL, HDMI, DISPLAYPORT)",AMELESS,pcpricetracker.in/gen/products/1217a0d60750cb6efe147437cdf513cf
Dell,Dell UltraSharp U2412M 24 Inch Screen LED Monitor,,"0      pcpricetracker.in/gen/products/9df171364c02073...
1      pcpricetracker.in/gen/products/2dfc4313723fedc...
2      pcpricetracker.in/gen/products/ca7e515bddb2814...
3      pcpricetracker.in/gen/products/4f6d1c430918b5c...
4      pcpricetracker.in/gen/products/08d5b9dbb025960...
                             ...                        
195    pcpricetracker.in/gen/products/36e2e2efadef035...
196    pcpricetracker.in/gen/products/167f0c02cc557a5...
197    pcpricetracker.in/gen/products/a28768e7361ffbf...
198    pcpricetracker.in/gen/products/d36676c83714d47...
199    pcpricetracker.in/gen/products/91eba54d5c77654...
Name: URL, Length: 200, dtype: object"
Benq,"BenQ BL2420PT - 24 Inch 100% sRGB Designer Monitor (5ms Response Time, 2K QHD IPS Panel, D-sub, DVI, HDMI, DisplayPort, Speakers)",,"0      pcpricetracker.in/gen/products/9df171364c02073...
1      pcpricetracker.in/gen/products/2dfc4313723fedc...
2      pcpricetracker.in/gen/products/ca7e515bddb2814...
3      pcpricetracker.in/gen/products/4f6d1c430918b5c...
4      pcpricetracker.in/gen/products/08d5b9dbb025960...
                             ...                        
195    pcpricetracker.in/gen/products/36e2e2efadef035...
196    pcpricetracker.in/gen/products/167f0c02cc557a5...
197    pcpricetracker.in/gen/products/a28768e7361ffbf...
198    pcpricetracker.in/gen/products/d36676c83714d47...
199    pcpricetracker.in/gen/products/91eba54d5c77654...
Name: URL, Length: 200, dtype: object"
Benq,"BenQ EL2870U - 28 Inch Gaming Monitor (AMD FreeSync, HDR, 1ms Response Time, 4K UHD TN Panel, HDMI, DisplayPort, Speakers)",,"0      pcpricetracker.in/gen/products/9df171364c02073...
1      pcpricetracker.in/gen/products/2dfc4313723fedc...
2      pcpricetracker.in/gen/products/ca7e515bddb2814...
3      pcpricetracker.in/gen/products/4f6d1c430918b5c...
4      pcpricetracker.in/gen/products/08d5b9dbb025960...
                             ...                        
195    pcpricetracker.in/gen/products/36e2e2efadef035...
196    pcpricetracker.in/gen/products/167f0c02cc557a5...
197    pcpricetracker.in/gen/products/a28768e7361ffbf...
198    pcpricetracker.in/gen/products/d36676c83714d47...
199    pcpricetracker.in/gen/products/91eba54d5c77654...
Name: URL, Length: 200, dtype: object"
Benq,"BenQ EW2480 - 24 Inch Gaming Monitor (AMD FreeSync, HDRi, 5ms Response Time, FHD IPS Panel, Frameless, HDMI, Speakers)",,"0      pcpricetracker.in/gen/products/9df171364c02073...
1      pcpricetracker.in/gen/products/2dfc4313723fedc...
2      pcpricetracker.in/gen/products/ca7e515bddb2814...
3      pcpricetracker.in/gen/products/4f6d1c430918b5c...
4      pcpricetracker.in/gen/products/08d5b9dbb025960...
                             ...                        
195    pcpricetracker.in/gen/products/36e2e2efadef035...
196    pcpricetracker.in/gen/products/167f0c02cc557a5...
197    pcpricetracker.in/gen/products/a28768e7361ffbf...
198    pcpricetracker.in/gen/products/d36676c83714d47...
199    pcpricetracker.in/gen/products/91eba54d5c77654...
Name: URL, Length: 200, dtype: object"
Benq,"BenQ EW2780 - 27 Inch Video Enjoyment Monitor (HDRi, 5ms Response Time, Frameless, FHD IPS Panel, HDMI, Speakers)",,"0      pcpricetracker.in/gen/products/9df171364c02073...
1      pcpricetracker.in/gen/products/2dfc4313723fedc...
2      pcpricetracker.in/gen/products/ca7e515bddb2814...
3      pcpricetracker.in/gen/products/4f6d1c430918b5c...
4      pcpricetracker.in/gen/products/08d5b9dbb025960...
                             ...                        
195    pcpricetracker.in/gen/products/36e2e2efadef035...
196    pcpricetracker.in/gen/products/167f0c02cc557a5...
197    pcpricetracker.in/gen/products/a28768e7361ffbf...
198    pcpricetracker.in/gen/products/d36676c83714d47...
199    pcpricetracker.in/gen/products/91eba54d5c77654...
Name: URL, Length: 200, dtype: object"
Benq,"BenQ EW2780Q - 27 Inch Video Enjoyment Monitor (HDRi, 5ms Response Time, Frameless, 2K QHD IPS Panel, HDMI, Speakers)",,"0      pcpricetracker.in/gen/products/9df171364c02073...
1      pcpricetracker.in/gen/products/2dfc4313723fedc...
2      pcpricetracker.in/gen/products/ca7e515bddb2814...
3      pcpricetracker.in/gen/products/4f6d1c430918b5c...
4      pcpricetracker.in/gen/products/08d5b9dbb025960...
                             ...                        
195    pcpricetracker.in/gen/products/36e2e2efadef035...
196    pcpricetracker.in/gen/products/167f0c02cc557a5...
197    pcpricetracker.in/gen/products/a28768e7361ffbf...
198    pcpricetracker.in/gen/products/d36676c83714d47...
199    pcpricetracker.in/gen/products/91eba54d5c77654...
Name: URL, Length: 200, dtype: object"
Benq,"BenQ EW3270U - 32 Inch Video Enjoyment Monitor (AMD FreeSync, HDR, 4ms Response Time, Frameless, 4K UHD VA Panel, HDMI, DisplayPort, Speakers)",,"0      pcpricetracker.in/gen/products/9df171364c02073...
1      pcpricetracker.in/gen/products/2dfc4313723fedc...
2      pcpricetracker.in/gen/products/ca7e515bddb2814...
3      pcpricetracker.in/gen/products/4f6d1c430918b5c...
4      pcpricetracker.in/gen/products/08d5b9dbb025960...
                             ...                        
195    pcpricetracker.in/gen/products/36e2e2efadef035...
196    pcpricetracker.in/gen/products/167f0c02cc557a5...
197    pcpricetracker.in/gen/products/a28768e7361ffbf...
198    pcpricetracker.in/gen/products/d36676c83714d47...
199    pcpricetracker.in/gen/products/91eba54d5c77654...
Name: URL, Length: 200, dtype: object"
Benq,"BenQ EW3280U - 32 Inch Gaming Monitor (AMD FreeSync, 5ms Responce Time, HDRi, Frameless, 4K IPS Panel, HDMI, DisplayPort, Speakers)",,"0      pcpricetracker.in/gen/products/9df171364c02073...
1      pcpricetracker.in/gen/products/2dfc4313723fedc...
2      pcpricetracker.in/gen/products/ca7e515bddb2814...
3      pcpricetracker.in/gen/products/4f6d1c430918b5c...
4      pcpricetracker.in/gen/products/08d5b9dbb025960...
                             ...                        
195    pcpricetracker.in/gen/products/36e2e2efadef035...
196    pcpricetracker.in/gen/products/167f0c02cc557a5...
197    pcpricetracker.in/gen/products/a28768e7361ffbf...
198    pcpricetracker.in/gen/products/d36676c83714d47...
199    pcpricetracker.in/gen/products/91eba54d5c77654...
Name: URL, Length: 200, dtype: object"
Benq,"BenQ MOBIUZ EX2510 - 25 Inch Gaming Monitor (AMD FreeSync, 144Hz Refresh Rate,1ms Response Time, Frameless, FHD IPS Panel, Flicker Free, HDMI, DisplayPort, Speakers)",,"0      pcpricetracker.in/gen/products/9df171364c02073...
1      pcpricetracker.in/gen/products/2dfc4313723fedc...
2      pcpricetracker.in/gen/products/ca7e515bddb2814...
3      pcpricetracker.in/gen/products/4f6d1c430918b5c...
4      pcpricetracker.in/gen/products/08d5b9dbb025960...
                             ...                        
195    pcpricetracker.in/gen/products/36e2e2efadef035...
196    pcpricetracker.in/gen/products/167f0c02cc557a5...
197    pcpricetracker.in/gen/products/a28768e7361ffbf...
198    pcpricetracker.in/gen/products/d36676c83714d47...
199    pcpricetracker.in/gen/products/91eba54d5c77654...
Name: URL, Length: 200, dtype: object"
Benq,"BenQ EX2780Q - 27 Inch Gaming Monitor (AMD FreeSync, HDRi, 5ms Response Time, 144Hz Refresh Rate, Frameless, 2K QHD IPS Panel, HDMI, DisplayPort, USB Type-C, Speakers)",,"0      pcpricetracker.in/gen/products/9df171364c02073...
1      pcpricetracker.in/gen/products/2dfc4313723fedc...
2      pcpricetracker.in/gen/products/ca7e515bddb2814...
3      pcpricetracker.in/gen/products/4f6d1c430918b5c...
4      pcpricetracker.in/gen/products/08d5b9dbb025960...
                             ...                        
195    pcpricetracker.in/gen/products/36e2e2efadef035...
196    pcpricetracker.in/gen/products/167f0c02cc557a5...
197    pcpricetracker.in/gen/products/a28768e7361ffbf...
198    pcpricetracker.in/gen/products/d36676c83714d47...
199    pcpricetracker.in/gen/products/91eba54d5c77654...
Name: URL, Length: 200, dtype: object"
Benq,BENQ GW2283 22 Inch FHD Frameless Monitor GW2283,,"0      pcpricetracker.in/gen/products/9df171364c02073...
1      pcpricetracker.in/gen/products/2dfc4313723fedc...
2      pcpricetracker.in/gen/products/ca7e515bddb2814...
3      pcpricetracker.in/gen/products/4f6d1c430918b5c...
4      pcpricetracker.in/gen/products/08d5b9dbb025960...
                             ...                        
195    pcpricetracker.in/gen/products/36e2e2efadef035...
196    pcpricetracker.in/gen/products/167f0c02cc557a5...
197    pcpricetracker.in/gen/products/a28768e7361ffbf...
198    pcpricetracker.in/gen/products/d36676c83714d47...
199    pcpricetracker.in/gen/products/91eba54d5c77654...
Name: URL, Length: 200, dtype: object"
Benq,"BenQ GW2480 - 24 Inch Stylish Monitor (5ms Response Time, FHD IPS Panel, D-sub, HDMI, DisplayPort, Speakers)",,"0      pcpricetracker.in/gen/products/9df171364c02073...
1      pcpricetracker.in/gen/products/2dfc4313723fedc...
2      pcpricetracker.in/gen/products/ca7e515bddb2814...
3      pcpricetracker.in/gen/products/4f6d1c430918b5c...
4      pcpricetracker.in/gen/products/08d5b9dbb025960...
                             ...                        
195    pcpricetracker.in/gen/products/36e2e2efadef035...
196    pcpricetracker.in/gen/products/167f0c02cc557a5...
197    pcpricetracker.in/gen/products/a28768e7361ffbf...
198    pcpricetracker.in/gen/products/d36676c83714d47...
199    pcpricetracker.in/gen/products/91eba54d5c77654...
Name: URL, Length: 200, dtype: object"
Benq,"BenQ GW2480T - 24 Inch Stylish Monitor (5ms Response Time, FHD IPS Panel, D-sub, HDMI, DisplayPort, Speakers)",,"0      pcpricetracker.in/gen/products/9df171364c02073...
1      pcpricetracker.in/gen/products/2dfc4313723fedc...
2      pcpricetracker.in/gen/products/ca7e515bddb2814...
3      pcpricetracker.in/gen/products/4f6d1c430918b5c...
4      pcpricetracker.in/gen/products/08d5b9dbb025960...
                             ...                        
195    pcpricetracker.in/gen/products/36e2e2efadef035...
196    pcpricetracker.in/gen/products/167f0c02cc557a5...
197    pcpricetracker.in/gen/products/a28768e7361ffbf...
198    pcpricetracker.in/gen/products/d36676c83714d47...
199    pcpricetracker.in/gen/products/91eba54d5c77654...
Name: URL, Length: 200, dtype: object"
Benq,"BenQ GW2780 - 27 Inch Stylish Monitor (5ms Response Time, Frameless, FHD IPS Panel, D-sub, HDMI, DisplayPort, Speakers)",,"0      pcpricetracker.in/gen/products/9df171364c02073...
1      pcpricetracker.in/gen/products/2dfc4313723fedc...
2      pcpricetracker.in/gen/products/ca7e515bddb2814...
3      pcpricetracker.in/gen/products/4f6d1c430918b5c...
4      pcpricetracker.in/gen/products/08d5b9dbb025960...
                             ...                        
195    pcpricetracker.in/gen/products/36e2e2efadef035...
196    pcpricetracker.in/gen/products/167f0c02cc557a5...
197    pcpricetracker.in/gen/products/a28768e7361ffbf...
198    pcpricetracker.in/gen/products/d36676c83714d47...
199    pcpricetracker.in/gen/products/91eba54d5c77654...
Name: URL, Length: 200, dtype: object"
Benq,"BenQ GW2780T - 27 Inch Eye-Care Monitor (5ms Response Time, Frameless, FHD IPS Panel, D-sub, HDMI, DisplayPort, Speakers)",,"0      pcpricetracker.in/gen/products/9df171364c02073...
1      pcpricetracker.in/gen/products/2dfc4313723fedc...
2      pcpricetracker.in/gen/products/ca7e515bddb2814...
3      pcpricetracker.in/gen/products/4f6d1c430918b5c...
4      pcpricetracker.in/gen/products/08d5b9dbb025960...
                             ...                        
195    pcpricetracker.in/gen/products/36e2e2efadef035...
196    pcpricetracker.in/gen/products/167f0c02cc557a5...
197    pcpricetracker.in/gen/products/a28768e7361ffbf...
198    pcpricetracker.in/gen/products/d36676c83714d47...
199    pcpricetracker.in/gen/products/91eba54d5c77654...
Name: URL, Length: 200, dtype: object"
Benq,"BenQ PD2500Q - 25 Inch 100% sRGB Designer Monitor (4ms Response Time, 2K QHD IPS Panel, Flicker-Free, HDMI, DisplayPort, Speakers)",,"0      pcpricetracker.in/gen/products/9df171364c02073...
1      pcpricetracker.in/gen/products/2dfc4313723fedc...
2      pcpricetracker.in/gen/products/ca7e515bddb2814...
3      pcpricetracker.in/gen/products/4f6d1c430918b5c...
4      pcpricetracker.in/gen/products/08d5b9dbb025960...
                             ...                        
195    pcpricetracker.in/gen/products/36e2e2efadef035...
196    pcpricetracker.in/gen/products/167f0c02cc557a5...
197    pcpricetracker.in/gen/products/a28768e7361ffbf...
198    pcpricetracker.in/gen/products/d36676c83714d47...
199    pcpricetracker.in/gen/products/91eba54d5c77654...
Name: URL, Length: 200, dtype: object"
Benq,"BenQ PD2700Q - 27 Inch 100% sRGB Designer Monitor (4ms Response Time, 2K QHD IPS Panel, HDMI, DisplayPort, Mini DisplayPort, Spekers)",,"0      pcpricetracker.in/gen/products/9df171364c02073...
1      pcpricetracker.in/gen/products/2dfc4313723fedc...
2      pcpricetracker.in/gen/products/ca7e515bddb2814...
3      pcpricetracker.in/gen/products/4f6d1c430918b5c...
4      pcpricetracker.in/gen/products/08d5b9dbb025960...
                             ...                        
195    pcpricetracker.in/gen/products/36e2e2efadef035...
196    pcpricetracker.in/gen/products/167f0c02cc557a5...
197    pcpricetracker.in/gen/products/a28768e7361ffbf...
198    pcpricetracker.in/gen/products/d36676c83714d47...
199    pcpricetracker.in/gen/products/91eba54d5c77654...
Name: URL, Length: 200, dtype: object"
Benq,"BenQ PD2700U - 27 Inch 100% sRGB Designer Monitor (5ms Response Time, Frameless, 4K UHD IPS Panel, HDMI, DisplayPort, Mini DisplayPort, Speakers)",,"0      pcpricetracker.in/gen/products/9df171364c02073...
1      pcpricetracker.in/gen/products/2dfc4313723fedc...
2      pcpricetracker.in/gen/products/ca7e515bddb2814...
3      pcpricetracker.in/gen/products/4f6d1c430918b5c...
4      pcpricetracker.in/gen/products/08d5b9dbb025960...
                             ...                        
195    pcpricetracker.in/gen/products/36e2e2efadef035...
196    pcpricetracker.in/gen/products/167f0c02cc557a5...
197    pcpricetracker.in/gen/products/a28768e7361ffbf...
198    pcpricetracker.in/gen/products/d36676c83714d47...
199    pcpricetracker.in/gen/products/91eba54d5c77654...
Name: URL, Length: 200, dtype: object"
Benq,"BenQ PD3200Q - 32 Inch 100% sRGB Designer Monitor (4ms Responce Time, 2K QHD VA Panel, DVI, HDMI, DisplayPort, Mini DisplayPort, Speakers)",,"0      pcpricetracker.in/gen/products/9df171364c02073...
1      pcpricetracker.in/gen/products/2dfc4313723fedc...
2      pcpricetracker.in/gen/products/ca7e515bddb2814...
3      pcpricetracker.in/gen/products/4f6d1c430918b5c...
4      pcpricetracker.in/gen/products/08d5b9dbb025960...
                             ...                        
195    pcpricetracker.in/gen/products/36e2e2efadef035...
196    pcpricetracker.in/gen/products/167f0c02cc557a5...
197    pcpricetracker.in/gen/products/a28768e7361ffbf...
198    pcpricetracker.in/gen/products/d36676c83714d47...
199    pcpricetracker.in/gen/products/91eba54d5c77654...
Name: URL, Length: 200, dtype: object"
Benq,Benq 32 inch DesignVue Designer Monitor with 4K UHD-sRGB PD3200U,,"0      pcpricetracker.in/gen/products/9df171364c02073...
1      pcpricetracker.in/gen/products/2dfc4313723fedc...
2      pcpricetracker.in/gen/products/ca7e515bddb2814...
3      pcpricetracker.in/gen/products/4f6d1c430918b5c...
4      pcpricetracker.in/gen/products/08d5b9dbb025960...
                             ...                        
195    pcpricetracker.in/gen/products/36e2e2efadef035...
196    pcpricetracker.in/gen/products/167f0c02cc557a5...
197    pcpricetracker.in/gen/products/a28768e7361ffbf...
198    pcpricetracker.in/gen/products/d36676c83714d47...
199    pcpricetracker.in/gen/products/91eba54d5c77654...
Name: URL, Length: 200, dtype: object"
Benq,BenQ PD3220U DesignVue Designer 31.5â€³ 16:9 HDR 4K IPS Monitor,,"0      pcpricetracker.in/gen/products/9df171364c02073...
1      pcpricetracker.in/gen/products/2dfc4313723fedc...
2      pcpricetracker.in/gen/products/ca7e515bddb2814...
3      pcpricetracker.in/gen/products/4f6d1c430918b5c...
4      pcpricetracker.in/gen/products/08d5b9dbb025960...
                             ...                        
195    pcpricetracker.in/gen/products/36e2e2efadef035...
196    pcpricetracker.in/gen/products/167f0c02cc557a5...
197    pcpricetracker.in/gen/products/a28768e7361ffbf...
198    pcpricetracker.in/gen/products/d36676c83714d47...
199    pcpricetracker.in/gen/products/91eba54d5c77654...
Name: URL, Length: 200, dtype: object"
Benq,"BenQ PV270 - 27 Inch 100% sRGB Video Post-Production Monitor (5ms Response Time, 2K QHD IPS Panel, DVI, HDMI, DisplayPort, Mini DisplayPort)",,"0      pcpricetracker.in/gen/products/9df171364c02073...
1      pcpricetracker.in/gen/products/2dfc4313723fedc...
2      pcpricetracker.in/gen/products/ca7e515bddb2814...
3      pcpricetracker.in/gen/products/4f6d1c430918b5c...
4      pcpricetracker.in/gen/products/08d5b9dbb025960...
                             ...                        
195    pcpricetracker.in/gen/products/36e2e2efadef035...
196    pcpricetracker.in/gen/products/167f0c02cc557a5...
197    pcpricetracker.in/gen/products/a28768e7361ffbf...
198    pcpricetracker.in/gen/products/d36676c83714d47...
199    pcpricetracker.in/gen/products/91eba54d5c77654...
Name: URL, Length: 200, dtype: object"
Benq,"BenQ SW240 - 24 Inch 100% sRGB Photographer Monitor (5ms Responce Time, Frameless, WUXGA IPS Panel, DVI, HDMI, DisplayPort)",,"0      pcpricetracker.in/gen/products/9df171364c02073...
1      pcpricetracker.in/gen/products/2dfc4313723fedc...
2      pcpricetracker.in/gen/products/ca7e515bddb2814...
3      pcpricetracker.in/gen/products/4f6d1c430918b5c...
4      pcpricetracker.in/gen/products/08d5b9dbb025960...
                             ...                        
195    pcpricetracker.in/gen/products/36e2e2efadef035...
196    pcpricetracker.in/gen/products/167f0c02cc557a5...
197    pcpricetracker.in/gen/products/a28768e7361ffbf...
198    pcpricetracker.in/gen/products/d36676c83714d47...
199    pcpricetracker.in/gen/products/91eba54d5c77654...
Name: URL, Length: 200, dtype: object"
Benq,"BenQ SW2700PT - 27 Inch 100% sRGB Photographer Monitor (5ms Response Time, 2K QHD IPS Panel, DVI, HDMI, DisplayPort)",,"0      pcpricetracker.in/gen/products/9df171364c02073...
1      pcpricetracker.in/gen/products/2dfc4313723fedc...
2      pcpricetracker.in/gen/products/ca7e515bddb2814...
3      pcpricetracker.in/gen/products/4f6d1c430918b5c...
4      pcpricetracker.in/gen/products/08d5b9dbb025960...
                             ...                        
195    pcpricetracker.in/gen/products/36e2e2efadef035...
196    pcpricetracker.in/gen/products/167f0c02cc557a5...
197    pcpricetracker.in/gen/products/a28768e7361ffbf...
198    pcpricetracker.in/gen/products/d36676c83714d47...
199    pcpricetracker.in/gen/products/91eba54d5c77654...
Name: URL, Length: 200, dtype: object"
Benq,"BenQ SW270C - 27 Inch 100% sRGB Photo Editing Monitor (5ms Responce Time, 2K QHD IPS Panel, HDMI, DisplayPort, USB Type-C)",,"0      pcpricetracker.in/gen/products/9df171364c02073...
1      pcpricetracker.in/gen/products/2dfc4313723fedc...
2      pcpricetracker.in/gen/products/ca7e515bddb2814...
3      pcpricetracker.in/gen/products/4f6d1c430918b5c...
4      pcpricetracker.in/gen/products/08d5b9dbb025960...
                             ...                        
195    pcpricetracker.in/gen/products/36e2e2efadef035...
196    pcpricetracker.in/gen/products/167f0c02cc557a5...
197    pcpricetracker.in/gen/products/a28768e7361ffbf...
198    pcpricetracker.in/gen/products/d36676c83714d47...
199    pcpricetracker.in/gen/products/91eba54d5c77654...
Name: URL, Length: 200, dtype: object"
Benq,"BenQ Zowie XL2411K - 24 Inch Gaming Monitor (144Hz Refresh Rate, FHD TN Panel, HDMI, DisplayPort)",,"0      pcpricetracker.in/gen/products/9df171364c02073...
1      pcpricetracker.in/gen/products/2dfc4313723fedc...
2      pcpricetracker.in/gen/products/ca7e515bddb2814...
3      pcpricetracker.in/gen/products/4f6d1c430918b5c...
4      pcpricetracker.in/gen/products/08d5b9dbb025960...
                             ...                        
195    pcpricetracker.in/gen/products/36e2e2efadef035...
196    pcpricetracker.in/gen/products/167f0c02cc557a5...
197    pcpricetracker.in/gen/products/a28768e7361ffbf...
198    pcpricetracker.in/gen/products/d36676c83714d47...
199    pcpricetracker.in/gen/products/91eba54d5c77654...
Name: URL, Length: 200, dtype: object"
Benq,"BenQ Zowie XL2411P - 24 Inch e-Sports Gaming Monitor (1ms Response Time, 144Hz Refresh Rate, FHD TN Panel, DVI, HDMI, DisplayPort)",,"0      pcpricetracker.in/gen/products/9df171364c02073...
1      pcpricetracker.in/gen/products/2dfc4313723fedc...
2      pcpricetracker.in/gen/products/ca7e515bddb2814...
3      pcpricetracker.in/gen/products/4f6d1c430918b5c...
4      pcpricetracker.in/gen/products/08d5b9dbb025960...
                             ...                        
195    pcpricetracker.in/gen/products/36e2e2efadef035...
196    pcpricetracker.in/gen/products/167f0c02cc557a5...
197    pcpricetracker.in/gen/products/a28768e7361ffbf...
198    pcpricetracker.in/gen/products/d36676c83714d47...
199    pcpricetracker.in/gen/products/91eba54d5c77654...
Name: URL, Length: 200, dtype: object"
Benq,"BenQ Zowie XL2546 - 25 Inch e-Sports Gaming Monitor (1ms Response Time, 240Hz Refresh Rate, FHD TN Panel, DVI, HDMI, DisplayPort)",,"0      pcpricetracker.in/gen/products/9df171364c02073...
1      pcpricetracker.in/gen/products/2dfc4313723fedc...
2      pcpricetracker.in/gen/products/ca7e515bddb2814...
3      pcpricetracker.in/gen/products/4f6d1c430918b5c...
4      pcpricetracker.in/gen/products/08d5b9dbb025960...
                             ...                        
195    pcpricetracker.in/gen/products/36e2e2efadef035...
196    pcpricetracker.in/gen/products/167f0c02cc557a5...
197    pcpricetracker.in/gen/products/a28768e7361ffbf...
198    pcpricetracker.in/gen/products/d36676c83714d47...
199    pcpricetracker.in/gen/products/91eba54d5c77654...
Name: URL, Length: 200, dtype: object"
Benq,"BenQ Zowie XL2546K - 25 Inch Gaming Monitor (0.5ms Response Time, 240Hz Refresh Rate, FHD TN Panel, HDMI, DisplayPort)",,"0      pcpricetracker.in/gen/products/9df171364c02073...
1      pcpricetracker.in/gen/products/2dfc4313723fedc...
2      pcpricetracker.in/gen/products/ca7e515bddb2814...
3      pcpricetracker.in/gen/products/4f6d1c430918b5c...
4      pcpricetracker.in/gen/products/08d5b9dbb025960...
                             ...                        
195    pcpricetracker.in/gen/products/36e2e2efadef035...
196    pcpricetracker.in/gen/products/167f0c02cc557a5...
197    pcpricetracker.in/gen/products/a28768e7361ffbf...
198    pcpricetracker.in/gen/products/d36676c83714d47...
199    pcpricetracker.in/gen/products/91eba54d5c77654...
Name: URL, Length: 200, dtype: object"
Benq,"BenQ Zowie XL2720 - 27 Inch e-Sports Gaming Monitor (1ms Response Time, 144Hz Refresh Rate, FHD TN Panel, D-sub, DVI, HDMI, DisplayPort)",,"0      pcpricetracker.in/gen/products/9df171364c02073...
1      pcpricetracker.in/gen/products/2dfc4313723fedc...
2      pcpricetracker.in/gen/products/ca7e515bddb2814...
3      pcpricetracker.in/gen/products/4f6d1c430918b5c...
4      pcpricetracker.in/gen/products/08d5b9dbb025960...
                             ...                        
195    pcpricetracker.in/gen/products/36e2e2efadef035...
196    pcpricetracker.in/gen/products/167f0c02cc557a5...
197    pcpricetracker.in/gen/products/a28768e7361ffbf...
198    pcpricetracker.in/gen/products/d36676c83714d47...
199    pcpricetracker.in/gen/products/91eba54d5c77654...
Name: URL, Length: 200, dtype: object"
Benq,"BenQ Zowie XL2731 - 27 Inch e-Sports Gaming Monitor (1ms Response Time, 144Hz Refresh Rate, FHD TN Panel, DVI, HDMI, DisplayPort)",,"0      pcpricetracker.in/gen/products/9df171364c02073...
1      pcpricetracker.in/gen/products/2dfc4313723fedc...
2      pcpricetracker.in/gen/products/ca7e515bddb2814...
3      pcpricetracker.in/gen/products/4f6d1c430918b5c...
4      pcpricetracker.in/gen/products/08d5b9dbb025960...
                             ...                        
195    pcpricetracker.in/gen/products/36e2e2efadef035...
196    pcpricetracker.in/gen/products/167f0c02cc557a5...
197    pcpricetracker.in/gen/products/a28768e7361ffbf...
198    pcpricetracker.in/gen/products/d36676c83714d47...
199    pcpricetracker.in/gen/products/91eba54d5c77654...
Name: URL, Length: 200, dtype: object"
Benq,"BenQ ZOWIE XL2746S - 27 Inch e-Sports Gaming Monitor (AMD FreeSync, 0.5ms Response Time, 240Hz Refresh Rate, FHD TN Panel, DVI-DL, HDMI, DisplayPort, Speaker)",,"0      pcpricetracker.in/gen/products/9df171364c02073...
1      pcpricetracker.in/gen/products/2dfc4313723fedc...
2      pcpricetracker.in/gen/products/ca7e515bddb2814...
3      pcpricetracker.in/gen/products/4f6d1c430918b5c...
4      pcpricetracker.in/gen/products/08d5b9dbb025960...
                             ...                        
195    pcpricetracker.in/gen/products/36e2e2efadef035...
196    pcpricetracker.in/gen/products/167f0c02cc557a5...
197    pcpricetracker.in/gen/products/a28768e7361ffbf...
198    pcpricetracker.in/gen/products/d36676c83714d47...
199    pcpricetracker.in/gen/products/91eba54d5c77654...
Name: URL, Length: 200, dtype: object"
Benq,"BenQ GL2780 - 27 Inch Eye-Care Monitor (1ms Response Time, FHD TN Panel, Flicker-free, VGA, HDMI, DisplayPort, DVI-D, Speakers)",,"0      pcpricetracker.in/gen/products/9df171364c02073...
1      pcpricetracker.in/gen/products/2dfc4313723fedc...
2      pcpricetracker.in/gen/products/ca7e515bddb2814...
3      pcpricetracker.in/gen/products/4f6d1c430918b5c...
4      pcpricetracker.in/gen/products/08d5b9dbb025960...
                             ...                        
195    pcpricetracker.in/gen/products/36e2e2efadef035...
196    pcpricetracker.in/gen/products/167f0c02cc557a5...
197    pcpricetracker.in/gen/products/a28768e7361ffbf...
198    pcpricetracker.in/gen/products/d36676c83714d47...
199    pcpricetracker.in/gen/products/91eba54d5c77654...
Name: URL, Length: 200, dtype: object"
Asus,"Asus ProArt Display PA278QV - 27 Inch 100% sRGB Professional Monitor (5ms Response Time, Frameless, Flicker Free, WQHD IPS Panel, HDMI, DisplayPort, Speakers)", PA278QV ,pcpricetracker.in/gen/products/fc7be83c4d297ce311d9f31a02bc51dc
Asus,ASUS ProArt PA27AC 27-Inch Screen LED-Lit Monitor, PA27AC ,pcpricetracker.in/gen/products/8be497a73c75100b61f1e2f22c7ab0d1
Asus,"ASUS PB287Q - 28 Inch Gaming Monitor (1ms Response Time, 4K UHD TN Panel, HDMI, DisplayPort, Speakers)", PB287Q ,pcpricetracker.in/gen/products/4886b74d60af7e2de0f19513f60a9092
Asus,"ASUS VA24EHE 24 Inch Gaming Monitor (Adaptive-Sync, 5ms Response Time, Frameless, FHD, IPS Panel, DVI, HDMI, D-Sub)", VA24EHE ,pcpricetracker.in/gen/products/a2b341e3295cadbd12a5625e65b382d1
Asus,"ASUS VG248QE - 24 Inch 3D Gaming Monitor (1ms Response Time, 144Hz Refresh Rate, FHD TN Panel, HDMI, DisplayPort, DVI-D, Speakers)", VG248QE ,pcpricetracker.in/gen/products/b25c1a35e11c2aa888d2bf02401a0141
Asus,"ASUS VG258QR - 25 Inch Gaming Monitor (Nvidia G-Sync, 0.5ms Response Time, 165Hz Refresh Rate, Frameless, FHD TN Panel, DVI-D, HDMI, DisplayPort, Speakers)", VG258QR ,pcpricetracker.in/gen/products/e039821bd918afc35802dba117157617
Asus,"ASUS TUF GAMING VG259Q - 25 Inch Gaming Monitor (Adaptive-Sync, 1ms Response Time, 144Hz Refresh Rate, Frameless, FHD, IPS Panel, HDMI, DisplayPort, Speakers)", VG259Q ,pcpricetracker.in/gen/products/e470cacfc6db2b6facf042ea33967432
Asus,"ASUS VG278QR - 27 Inch Gaming Monitor (Nvidia G-Sync, 0.5ms Response Time, 165Hz Refresh Rate, Frameless, FHD TN Panel, DVI-D, HDMI, DisplayPort, Speakers)", VG278QR ,pcpricetracker.in/gen/products/7ff41a75edb95cbb21d5be27c8091f2d
Asus,"ASUS TUF GAMING VG279QM 27 Inch Gaming Monitor (Nvidia G-Sync, HDR, 1ms Response Time, 280Hz Refresh Rate, Frameless, FHD, IPS Panel, HDMI, DisplayPort, Speakers)", VG279QM ,pcpricetracker.in/gen/products/2344edfd269b67ec11bb28ad2cd497ac
Asus,ASUS VG27AQL1A 27 inch WQHD TUF Gaming  Gaming Monitor, VG27AQL1A ,pcpricetracker.in/gen/products/4c139d9887686d40d1001aaaad9e8d6c
Asus,"ASUS VP228H - 22 Inch Gaming Monitor (1ms Response Time, FHD TN Panel, DVI-D, HDMI, D-sub, Speakers)", VP228H ,pcpricetracker.in/gen/products/2d7c6afbe79a998dcc88ceab37273e33
Asus,"ASUS VZ229H - 22 Inch Monitor (5ms Response Time, Frameless, FHD IPS Panel, HDMI, D-sub, Speakers)", VZ229H ,pcpricetracker.in/gen/products/f088fc3e06d8fb3ed9d2d38d61f7e60b
Asus,"ASUS VZ249H - 24 Inch Monitor (5ms Response Time, Frameless, FHD IPS Panel, HDMI, D-Sub, Speakers)", VZ249H ,pcpricetracker.in/gen/products/44303cf18f3af2d3d3c532fef0b80658
Asus,"ASUS VZ279HE - 27 Inch Monitor (5ms Response Time, Frameless, FHD IPS Panel, HDMI, D-sub)", VZ279HE ,pcpricetracker.in/gen/products/73af9fa3d9f89f2999eada3a3d903e75
Asus,"ASUS ROG Strix XG248Q - 24 Inch Gaming Monitor (Nvidia G-Sync, 1ms Response Time, 240Hz Refresh Rate, FHD TN Panel, HDMI, DisplayPort)", XG248Q ,pcpricetracker.in/gen/products/daf45d354909724f9465f63ab2d32f48
Asus,"ASUS ROG Strix XG32VQ - 32 Inch 125% sRGB Curved Gaming Monitor (1800R Curved, Adaptive Sync, 4ms Response Time, 144Hz Refresh Rate, Frameless, 2K WQHD VA Panel, HDMI, DisplayPort)", XG32VQ ,pcpricetracker.in/gen/products/edb2012c5c61037804d8df26d793ed2f
Asus,"ASUS TUF Gaming VG27AQ - 27 Inch Gaming Monitor (Adaptive-Sync, HDR, 1ms Response Time, 165Hz Refresh Rate, WQHD, IPS Panel, HDMI, DisplayPort, Speakers)", VG27AQ ,pcpricetracker.in/gen/products/5b464e47035679dcbf59e244e8cfce0d
Viewsonic,Viewsonic 24 inch VP2468 IPS Professional Monitor, VP2468,pcpricetracker.in/gen/products/18e3b5a24ad91b8c30ab9fd3541ae68f
Viewsonic,"ViewSonic XG2405 - 24 Inch Gaming Monitor (AMD FreesSync, 1ms Response Time, 144Hz Refresh Rate, Frameless, FHD IPS Panel, HDMI, DisplayPort, Speakers)", XG2405,pcpricetracker.in/gen/products/a72194cda284f3baa02f1a9ae8fc2d6f
Viewsonic,ViewSonic VX2476-smhd 24 inch frameless IPS Monitor, VX2476,pcpricetracker.in/gen/products/6c302b30356a5981f5c6d7a948b529bc
Viewsonic,ViewSonic VA2418-SH 24â€1080p IPS Monitor, VA2418,pcpricetracker.in/gen/products/c95f523bdba0d3899d4b0a1cbbaffb16
Viewsonic,ViewSonic VA2718-SH 27â€ 1080p IPS Monitor, VA2718,pcpricetracker.in/gen/products/f4cf2a8de53185baf9ad7436363810b1
Viewsonic,Viewsonic 24 inch VX2457-MHD Gaming TN Monitor, VX2457,pcpricetracker.in/gen/products/36eff15c22469f7e0ebc5f5331fbb624
Viewsonic,Viewsonic 27 inch VX2776-SMHD IPS Monitor, VX2776,pcpricetracker.in/gen/products/f5890b8c376b68cd092dd004c23afd40
Viewsonic,Viewsonic 32 inch VX3276-2K-MHD IPS Monitor, VX3276,pcpricetracker.in/gen/products/59aa38bbe6217d657b8be4e152c033d2
Viewsonic,Viewsonic 23.6 inch TD2421 Touch Monitor, TD2421,pcpricetracker.in/gen/products/fefe2a7d7fd9bd8399dbc3238aa6a6af
Viewsonic,"ViewSonic VA2256-H - 22 Inch Gaming Monitor (AMD FreesSync, 5ms Response Time, Frameless, Flicker-Free, FHD IPS Panel, VGA, HDMI)", VA2256,pcpricetracker.in/gen/products/f55010f319cd5b5f54e29186e57c15ab
Gigabyte,AORUS AD27QD 27 Inch 2K 144Hz FreeSync IPS Monitor, AD27QD ,pcpricetracker.in/gen/products/818ec207e81f18795b5fecb53b2bfcd9
Gigabyte,"Gigabyte Aorus CV27F - 27 Inch Curved RGB Gaming Monitor (1500R Curved, AMD FreeSync, 1ms Response Time, 165Hz Refresh Rate, Frameless, FHD VA Panel, HDMI, DisplayPort)", CV27F ,pcpricetracker.in/gen/products/1669e73a4e95d4fa76c7fec5be2d4a25
Gigabyte,"GIGABYTE AORUS FI27Q - 27 Inch RGB Tactical Gaming Monitor (Adaptive-Sync, HDR, 1ms Response Time, 165Hz Refresh Rate, Frameless, FHD IPS Panel, HDMI, DisplayPorts)", FI27Q ,pcpricetracker.in/gen/products/d039f9700efb1d0597c172c068c37600
Gigabyte,"GIGABYTE G32QC - 32 Inch Curved Gaming Monitor (AMD FreeSync, 1ms Response Time, 165Hz Refresh Rate, Frameless, Frameless, 2K QHD VA Panel, HDMI, Displayport)", G32QC ,pcpricetracker.in/gen/products/40f064cbdd2ecca6ede9feb2f801f9ab
Gigabyte,GIGABYTE G27F 27 INCH GAMING MONITOR, G27F ,pcpricetracker.in/gen/products/1173432734c8c63d4ed5b678fbc6db35
Gigabyte,GIGABYTE G27FC 27 INCH GAMING MONITOR, G27FC ,pcpricetracker.in/gen/products/c7c7e10f8e3d6a3054cdffba9e71eeea
Gigabyte,GIGABYTE M27F 27 INCH GAMING MONITOR, M27F ,pcpricetracker.in/gen/products/36e2e2efadef0356ad73fc127cb5154e
Gigabyte,GIGABYTE G27Q 27 INCH GAMING MONITOR, G27Q ,pcpricetracker.in/gen/products/167f0c02cc557a5e1341800168b33789
Gigabyte,GIGABYTE M27Q 27 INCH GAMING MONITOR, M27Q ,pcpricetracker.in/gen/products/a28768e7361ffbf77ec12e583871a3f1
MSI,"MSI Optix G241 - 24 Inch Gaming Monitor (AMD FreeSync, 1ms Response Time, 144Hz Refresh Rate, Frameless, FHD IPS Panel, HDMI, DisplayPort)", G241 ,pcpricetracker.in/gen/products/5e165cca2ae1e511031408fd1def0639
MSI,"MSI Optix G271 - 27 Inch Gaming Monitor (AMD FreeSync, 1ms Response Time, 144Hz Refresh Rate, Frameless, FHD IPS Panel, HDMI, DisplayPort)", G271 ,pcpricetracker.in/gen/products/d902f9324c8820487b0c7c9f7f0b5864
MSI,"MSI Optix G27C4 - 27 Inch 115% sRGB Curved Gaming Monitor (1500R Curved, AMD FreeSync, 1ms Response Time, 165Hz Refresh Rate, Frameless, FHD VA Panel, HDMI, Displayport)", G27C4 ,pcpricetracker.in/gen/products/91e739aeef4561bab51353116a9d4ade
MSI,"MSI Optix G27CQ4 - 27 Inch Curved Gaming Monitor (1500R Curved, AMD FreeSync, 1ms Response Time, 165Hz Refresh Rate, Frameless, WQHD VA Panel, Flicker Free, HDMI, Displayport)", G27CQ4 ,pcpricetracker.in/gen/products/0c627c659ae0bfeb6cfa7e1e16a39ada
MSI,MSI Optix MAG241C 24 Inch 115% sRGB Curved Gaming Monitor (AMD FreeSync/1ms Response Time/144Hz Refresh Rate/FHD VA Panel), MAG241C ,pcpricetracker.in/gen/products/5c96a6fd6d552e1d57c1b4c26dc1ed69
MSI,"Msi Optix G24C4 - 24 Inch Curved Gaming Monitor (1500R Curved, AMD FreeSync, 1ms Response Time, 144Hz Refresh Rate, Frameless, Flicker Free, FHD IPS Panel, HDMI, DisplayPort)", G24C4 ,pcpricetracker.in/gen/products/884e106eaa29148c6095d17c0f3896fd
MSI,"Msi PRO MP241 - 24 Inch Professional Monitor (7ms Response Time, FHD IPS Panel, HDMI)", MP241 ,pcpricetracker.in/gen/products/bea11ad3205635de859c576f834f5f51
AOC,AOC C24G1 24 INCH CURVE GAMING MONITOR, C24G1,pcpricetracker.in/gen/products/7335ebf8caba6a27f73adc9854b55aac
AOC,"AOC E2270SWHN - 22 Inch Monitor (5 ms Response Time, FHD TN Panel, HDMI, D-sub)", E2270SWHN,pcpricetracker.in/gen/products/5252f7e8826db0e16a3b23084a6bd449
AOC,"AOC E970SWN5 - 19 Inch Monitor (5ms Response Time, HD TN Panel, D-sub)", E970SWN5,pcpricetracker.in/gen/products/fc2c0512a1c58bea5985cb1a11a24f76
AOC,AOC 24.5-inch LED Gaming Monitor (G2590PX) â€“ Black, (G2590PX,pcpricetracker.in/gen/products/a3100e4ef6a1b10201d04d52b87755b4
